corp_code,stock_code,corp_name,year,fs_div,sj_div,account_name,amount,memo,updated_at
00115694,016610,DB증권,2025,CFS,BS,현금및현금성자산,722387038192.0,,
00115694,016610,DB증권,2024,CFS,BS,현금및현금성자산,653088730552.0,,
00115694,016610,DB증권,2023,CFS,BS,현금및현금성자산,704628328648.0,,
00115694,016610,DB증권,2025,CFS,BS,자산총계,14264732967843.0,,
00115694,016610,DB증권,2024,CFS,BS,자산총계,10670641837509.0,,
00115694,016610,DB증권,2023,CFS,BS,자산총계,10211959858311.0,,
00115694,016610,DB증권,2025,CFS,BS,예수부채,4468499562491.0,,
00115694,016610,DB증권,2024,CFS,BS,예수부채,3350189481591.0,,
00115694,016610,DB증권,2023,CFS,BS,예수부채,2733901982639.0,,
00115694,016610,DB증권,2025,CFS,BS,차입부채,5038968437324.0,,
00115694,016610,DB증권,2024,CFS,BS,차입부채,3665250851658.0,,
00115694,016610,DB증권,2023,CFS,BS,차입부채,3124604479171.0,,
00115694,016610,DB증권,2025,CFS,BS,발행사채,986064527791.0,,
00115694,016610,DB증권,2024,CFS,BS,발행사채,659152254710.0,,
00115694,016610,DB증권,2023,CFS,BS,발행사채,788689603778.0,,
00115694,016610,DB증권,2025,CFS,BS,부채총계,13001159728772.0,,
00115694,016610,DB증권,2024,CFS,BS,부채총계,9496592720797.0,,
00115694,016610,DB증권,2023,CFS,BS,부채총계,9038074593682.0,,
00115694,016610,DB증권,2025,CFS,BS,자본총계,1263573239071.0,,
00115694,016610,DB증권,2024,CFS,BS,자본총계,1174049116712.0,,
00115694,016610,DB증권,2023,CFS,BS,자본총계,1173885264629.0,,
00115694,016610,DB증권,2025,CFS,IS,수수료수익,258253699004.0,,
00115694,016610,DB증권,2024,CFS,IS,수수료수익,223999368827.0,,
00115694,016610,DB증권,2023,CFS,IS,수수료수익,202545909346.0,,
00115694,016610,DB증권,2025,CFS,IS,이자수익,442618176228.0,,
00115694,016610,DB증권,2024,CFS,IS,이자수익,417175329636.0,,
00115694,016610,DB증권,2023,CFS,IS,이자수익,389093215897.0,,
00115694,016610,DB증권,2025,CFS,IS,수수료비용,48579261711.0,,
00115694,016610,DB증권,2024,CFS,IS,수수료비용,36650590530.0,,
00115694,016610,DB증권,2023,CFS,IS,수수료비용,29685656998.0,,
00115694,016610,DB증권,2025,CFS,IS,이자비용,239966073447.0,,
00115694,016610,DB증권,2024,CFS,IS,이자비용,248362238090.0,,
00115694,016610,DB증권,2023,CFS,IS,이자비용,254143356988.0,,
00115694,016610,DB증권,2025,CFS,IS,영업이익,116698438500.0,,
00115694,016610,DB증권,2024,CFS,IS,영업이익,61858580381.0,,
00115694,016610,DB증권,2023,CFS,IS,영업이익,21296499824.0,,
00115694,016610,DB증권,2025,CFS,IS,법인세비용차감전순이익,116902480849.0,,
00115694,016610,DB증권,2024,CFS,IS,법인세비용차감전순이익,66111718884.0,,
00115694,016610,DB증권,2023,CFS,IS,법인세비용차감전순이익,15740696449.0,,
00115694,016610,DB증권,2025,CFS,IS,당기순이익,95458788281.0,,
00115694,016610,DB증권,2024,CFS,IS,당기순이익,52937573718.0,,
00115694,016610,DB증권,2023,CFS,IS,당기순이익,12526271139.0,,
00330424,078020,LS증권,2025,CFS,BS,현금및예치금,868378022942.0,,
00330424,078020,LS증권,2024,CFS,BS,현금및예치금,745432123490.0,,
00330424,078020,LS증권,2023,CFS,BS,현금및예치금,450823065571.0,,
00330424,078020,LS증권,2025,CFS,BS,대출채권,1094559462364.0,,
00330424,078020,LS증권,2024,CFS,BS,대출채권,1174978511804.0,,
00330424,078020,LS증권,2023,CFS,BS,대출채권,1083923182444.0,,
00330424,078020,LS증권,2025,CFS,BS,자산총계,10389051092028.0,,
00330424,078020,LS증권,2024,CFS,BS,자산총계,8779672481348.0,,
00330424,078020,LS증권,2023,CFS,BS,자산총계,7787183905719.0,,
00330424,078020,LS증권,2025,CFS,BS,예수부채,2581554576194.0,,
00330424,078020,LS증권,2024,CFS,BS,예수부채,1642274514103.0,,
00330424,078020,LS증권,2023,CFS,BS,예수부채,1098723511554.0,,
00330424,078020,LS증권,2025,CFS,BS,부채총계,9510301483931.0,,
00330424,078020,LS증권,2024,CFS,BS,부채총계,7908255208770.0,,
00330424,078020,LS증권,2023,CFS,BS,부채총계,6851763331999.0,,
00330424,078020,LS증권,2025,CFS,BS,자본총계,878749608097.0,,
00330424,078020,LS증권,2024,CFS,BS,자본총계,871417272578.0,,
00330424,078020,LS증권,2023,CFS,BS,자본총계,935420573720.0,,
00330424,078020,LS증권,2025,CFS,IS,수수료수익,147744018111.0,,
00330424,078020,LS증권,2024,CFS,IS,수수료수익,122108354868.0,,
00330424,078020,LS증권,2023,CFS,IS,수수료수익,133929632077.0,,
00330424,078020,LS증권,2025,CFS,IS,이자수익,222462131242.0,,
00330424,078020,LS증권,2024,CFS,IS,이자수익,227905122761.0,,
00330424,078020,LS증권,2023,CFS,IS,이자수익,205524995839.0,,
00330424,078020,LS증권,2025,CFS,IS,수수료비용,48259563143.0,,
00330424,078020,LS증권,2024,CFS,IS,수수료비용,43538175249.0,,
00330424,078020,LS증권,2023,CFS,IS,수수료비용,49024725729.0,,
00330424,078020,LS증권,2025,CFS,IS,이자비용,177969387766.0,,
00330424,078020,LS증권,2024,CFS,IS,이자비용,210274595346.0,,
00330424,078020,LS증권,2023,CFS,IS,이자비용,163613303257.0,,
00330424,078020,LS증권,2025,CFS,IS,영업이익,22221062198.0,,
00330424,078020,LS증권,2024,CFS,IS,영업이익,21808378131.0,,
00330424,078020,LS증권,2023,CFS,IS,영업이익,33193031920.0,,
00330424,078020,LS증권,2025,CFS,IS,법인세비용차감전순이익,29759691025.0,,
00330424,078020,LS증권,2024,CFS,IS,법인세비용차감전순이익,20489577926.0,,
00330424,078020,LS증권,2023,CFS,IS,법인세비용차감전순이익,38344258475.0,,
00330424,078020,LS증권,2025,CFS,IS,당기순이익,22950195767.0,,
00330424,078020,LS증권,2024,CFS,IS,당기순이익,16619942808.0,,
00330424,078020,LS증권,2023,CFS,IS,당기순이익,28660804236.0,,
00120182,005940,NH투자증권,2025,CFS,BS,현금및현금성자산,2630830000000.0,,
00120182,005940,NH투자증권,2024,CFS,BS,현금및현금성자산,1584469000000.0,,
00120182,005940,NH투자증권,2023,CFS,BS,현금및현금성자산,2175480000000.0,,
00120182,005940,NH투자증권,2025,CFS,BS,자산총계,83385398000000.0,,
00120182,005940,NH투자증권,2024,CFS,BS,자산총계,62427065000000.0,,
00120182,005940,NH투자증권,2023,CFS,BS,자산총계,56697893000000.0,,
00120182,005940,NH투자증권,2025,CFS,BS,예수부채,13001131000000.0,,
00120182,005940,NH투자증권,2024,CFS,BS,예수부채,7971818000000.0,,
00120182,005940,NH투자증권,2023,CFS,BS,예수부채,7177425000000.0,,
00120182,005940,NH투자증권,2025,CFS,BS,차입부채,32673430000000.0,,
00120182,005940,NH투자증권,2024,CFS,BS,차입부채,24446513000000.0,,
00120182,005940,NH투자증권,2023,CFS,BS,차입부채,18919143000000.0,,
00120182,005940,NH투자증권,2025,CFS,BS,발행사채,4707188000000.0,,
00120182,005940,NH투자증권,2024,CFS,BS,발행사채,2850402000000.0,,
00120182,005940,NH투자증권,2023,CFS,BS,발행사채,2914953000000.0,,
00120182,005940,NH투자증권,2025,CFS,BS,부채총계,73947294000000.0,,
00120182,005940,NH투자증권,2024,CFS,BS,부채총계,54307696000000.0,,
00120182,005940,NH투자증권,2023,CFS,BS,부채총계,49084465000000.0,,
00120182,005940,NH투자증권,2025,CFS,BS,자본총계,9438104000000.0,,
00120182,005940,NH투자증권,2024,CFS,BS,자본총계,8119369000000.0,,
00120182,005940,NH투자증권,2023,CFS,BS,자본총계,7613428000000.0,,
00120182,005940,NH투자증권,2025,CFS,IS,순수수료손익,1211726000000.0,,
00120182,005940,NH투자증권,2024,CFS,IS,순수수료손익,954676000000.0,,
00120182,005940,NH투자증권,2023,CFS,IS,순수수료손익,789280000000.0,,
00120182,005940,NH투자증권,2025,CFS,IS,수수료수익,1552689000000.0,,
00120182,005940,NH투자증권,2024,CFS,IS,수수료수익,1178025000000.0,,
00120182,005940,NH투자증권,2023,CFS,IS,수수료수익,1039083000000.0,,
00120182,005940,NH투자증권,2025,CFS,IS,수수료비용,340963000000.0,,
00120182,005940,NH투자증권,2024,CFS,IS,수수료비용,223349000000.0,,
00120182,005940,NH투자증권,2023,CFS,IS,수수료비용,249803000000.0,,
00120182,005940,NH투자증권,2025,CFS,IS,순이자손익,953761000000.0,,
00120182,005940,NH투자증권,2024,CFS,IS,순이자손익,801775000000.0,,
00120182,005940,NH투자증권,2023,CFS,IS,순이자손익,791317000000.0,,
00120182,005940,NH투자증권,2025,CFS,IS,이자수익,1969190000000.0,,
00120182,005940,NH투자증권,2024,CFS,IS,이자수익,1740437000000.0,,
00120182,005940,NH투자증권,2023,CFS,IS,이자수익,1612284000000.0,,
00120182,005940,NH투자증권,2025,CFS,IS,이자비용,1015429000000.0,,
00120182,005940,NH투자증권,2024,CFS,IS,이자비용,938662000000.0,,
00120182,005940,NH투자증권,2023,CFS,IS,이자비용,820967000000.0,,
00120182,005940,NH투자증권,2025,CFS,IS,영업이익,1420580000000.0,,
00120182,005940,NH투자증권,2024,CFS,IS,영업이익,901069000000.0,,
00120182,005940,NH투자증권,2023,CFS,IS,영업이익,725757000000.0,,
00120182,005940,NH투자증권,2025,CFS,IS,법인세비용차감전순이익,1347737000000.0,,
00120182,005940,NH투자증권,2024,CFS,IS,법인세비용차감전순이익,924857000000.0,,
00120182,005940,NH투자증권,2023,CFS,IS,법인세비용차감전순이익,720729000000.0,,
00120182,005940,NH투자증권,2025,CFS,IS,당기순이익,1031501000000.0,,
00120182,005940,NH투자증권,2024,CFS,IS,당기순이익,686638000000.0,,
00120182,005940,NH투자증권,2023,CFS,IS,당기순이익,553048000000.0,,
00131850,001510,SK증권,2025,CFS,BS,현금및예치금,610882415885.0,,
00131850,001510,SK증권,2024,CFS,BS,현금및예치금,440425377099.0,,
00131850,001510,SK증권,2023,CFS,BS,현금및예치금,426379899624.0,,
00131850,001510,SK증권,2025,CFS,BS,대출채권,1134089784770.0,,
00131850,001510,SK증권,2024,CFS,BS,대출채권,1168976010133.0,,
00131850,001510,SK증권,2023,CFS,BS,대출채권,1208147072236.0,,
00131850,001510,SK증권,2025,CFS,BS,자산총계,6859536112248.0,,
00131850,001510,SK증권,2024,CFS,BS,자산총계,6109295395638.0,,
00131850,001510,SK증권,2023,CFS,BS,자산총계,6449093771600.0,,
00131850,001510,SK증권,2025,CFS,BS,예수부채,1136859511660.0,,
00131850,001510,SK증권,2024,CFS,BS,예수부채,852200701891.0,,
00131850,001510,SK증권,2023,CFS,BS,예수부채,1037579483729.0,,
00131850,001510,SK증권,2025,CFS,BS,차입부채,3261997445060.0,,
00131850,001510,SK증권,2024,CFS,BS,차입부채,2951766924635.0,,
00131850,001510,SK증권,2023,CFS,BS,차입부채,3111834437973.0,,
00131850,001510,SK증권,2025,CFS,BS,부채총계,6254917857647.0,,
00131850,001510,SK증권,2024,CFS,BS,부채총계,5550018800036.0,,
00131850,001510,SK증권,2023,CFS,BS,부채총계,5801855293366.0,,
00131850,001510,SK증권,2025,CFS,BS,자본총계,604618254601.0,,
00131850,001510,SK증권,2024,CFS,BS,자본총계,559276595602.0,,
00131850,001510,SK증권,2023,CFS,BS,자본총계,647238478234.0,,
00131850,001510,SK증권,2025,CFS,IS,순수수료손익,232860989804.0,,
00131850,001510,SK증권,2024,CFS,IS,순수수료손익,147121203255.0,,
00131850,001510,SK증권,2023,CFS,IS,순수수료손익,172874210756.0,,
00131850,001510,SK증권,2025,CFS,IS,수수료수익,245441889296.0,,
00131850,001510,SK증권,2024,CFS,IS,수수료수익,155780539274.0,,
00131850,001510,SK증권,2023,CFS,IS,수수료수익,183800175684.0,,
00131850,001510,SK증권,2025,CFS,IS,수수료비용,-12580899492.0,,
00131850,001510,SK증권,2024,CFS,IS,수수료비용,-8659336019.0,,
00131850,001510,SK증권,2023,CFS,IS,수수료비용,-10925964928.0,,
00131850,001510,SK증권,2025,CFS,IS,순이자손익,60155716059.0,,
00131850,001510,SK증권,2024,CFS,IS,순이자손익,55504788427.0,,
00131850,001510,SK증권,2023,CFS,IS,순이자손익,37339328164.0,,
00131850,001510,SK증권,2025,CFS,IS,이자수익,185630031108.0,,
00131850,001510,SK증권,2024,CFS,IS,이자수익,209708272149.0,,
00131850,001510,SK증권,2023,CFS,IS,이자수익,204869675108.0,,
00131850,001510,SK증권,2025,CFS,IS,이자비용,-125474315049.0,,
00131850,001510,SK증권,2024,CFS,IS,이자비용,-154203483722.0,,
00131850,001510,SK증권,2023,CFS,IS,이자비용,-167530346944.0,,
00131850,001510,SK증권,2025,CFS,IS,순영업손익,305213473124.0,,
00131850,001510,SK증권,2024,CFS,IS,순영업손익,148295200230.0,,
00131850,001510,SK증권,2023,CFS,IS,순영업손익,262262474599.0,,
00131850,001510,SK증권,2025,CFS,IS,영업이익,7785938575.0,,
00131850,001510,SK증권,2024,CFS,IS,영업이익,-107876388585.0,,
00131850,001510,SK증권,2023,CFS,IS,영업이익,13097857611.0,,
00131850,001510,SK증권,2025,CFS,IS,법인세비용차감전순이익,38406159258.0,,
00131850,001510,SK증권,2024,CFS,IS,법인세비용차감전순이익,-99583044363.0,,
00131850,001510,SK증권,2023,CFS,IS,법인세비용차감전순이익,5881442365.0,,
00131850,001510,SK증권,2025,CFS,IS,당기순이익,28702851671.0,,
00131850,001510,SK증권,2024,CFS,IS,당기순이익,-83270261783.0,,
00131850,001510,SK증권,2023,CFS,IS,당기순이익,3187786850.0,,
00113359,030610,교보증권,2025,CFS,BS,현금및예치금,1106056032000.0,,
00113359,030610,교보증권,2024,CFS,BS,현금및예치금,1226082489000.0,,
00113359,030610,교보증권,2023,CFS,BS,현금및예치금,694253367000.0,,
00113359,030610,교보증권,2025,CFS,BS,대출채권,2330459933000.0,,
00113359,030610,교보증권,2024,CFS,BS,대출채권,2049253687000.0,,
00113359,030610,교보증권,2023,CFS,BS,대출채권,2556775333000.0,,
00113359,030610,교보증권,2025,CFS,BS,자산총계,19271473250000.0,,
00113359,030610,교보증권,2024,CFS,BS,자산총계,15898332583000.0,,
00113359,030610,교보증권,2023,CFS,BS,자산총계,15593363016000.0,,
00113359,030610,교보증권,2025,CFS,BS,예수부채,2438054554000.0,,
00113359,030610,교보증권,2024,CFS,BS,예수부채,1461566200000.0,,
00113359,030610,교보증권,2023,CFS,BS,예수부채,1028633904000.0,,
00113359,030610,교보증권,2025,CFS,BS,차입부채,6504576372000.0,,
00113359,030610,교보증권,2024,CFS,BS,차입부채,5134191774000.0,,
00113359,030610,교보증권,2023,CFS,BS,차입부채,5827180129000.0,,
00113359,030610,교보증권,2025,CFS,BS,부채총계,17152534201000.0,,
00113359,030610,교보증권,2024,CFS,BS,부채총계,13912608589000.0,,
00113359,030610,교보증권,2023,CFS,BS,부채총계,13716088524000.0,,
00113359,030610,교보증권,2025,CFS,BS,자본총계,2118939049000.0,,
00113359,030610,교보증권,2024,CFS,BS,자본총계,1985723994000.0,,
00113359,030610,교보증권,2023,CFS,BS,자본총계,1877274492000.0,,
00113359,030610,교보증권,2025,CFS,IS,수수료수익,291388453000.0,,
00113359,030610,교보증권,2024,CFS,IS,수수료수익,252300263000.0,,
00113359,030610,교보증권,2023,CFS,IS,수수료수익,246476553000.0,,
00113359,030610,교보증권,2025,CFS,IS,이자수익,503183356000.0,,
00113359,030610,교보증권,2024,CFS,IS,이자수익,502487233000.0,,
00113359,030610,교보증권,2023,CFS,IS,이자수익,412469550000.0,,
00113359,030610,교보증권,2025,CFS,IS,수수료비용,54813949000.0,,
00113359,030610,교보증권,2024,CFS,IS,수수료비용,50557421000.0,,
00113359,030610,교보증권,2023,CFS,IS,수수료비용,58553050000.0,,
00113359,030610,교보증권,2025,CFS,IS,이자비용,208180250000.0,,
00113359,030610,교보증권,2024,CFS,IS,이자비용,223847608000.0,,
00113359,030610,교보증권,2023,CFS,IS,이자비용,185845432000.0,,
00113359,030610,교보증권,2025,CFS,IS,영업이익,190443426000.0,,
00113359,030610,교보증권,2024,CFS,IS,영업이익,113926120000.0,,
00113359,030610,교보증권,2023,CFS,IS,영업이익,70278211000.0,,
00113359,030610,교보증권,2025,CFS,IS,법인세비용차감전순이익,191376728000.0,,
00113359,030610,교보증권,2024,CFS,IS,법인세비용차감전순이익,153816555000.0,,
00113359,030610,교보증권,2023,CFS,IS,법인세비용차감전순이익,85775113000.0,,
00113359,030610,교보증권,2025,CFS,IS,당기순이익,142910816000.0,,
00113359,030610,교보증권,2024,CFS,IS,당기순이익,117678416000.0,,
00113359,030610,교보증권,2023,CFS,IS,당기순이익,67558377000.0,,
00156859,030210,다올투자증권,2025,CFS,BS,현금및현금성자산,526137736388.0,,
00156859,030210,다올투자증권,2024,CFS,BS,현금및현금성자산,533703369683.0,,
00156859,030210,다올투자증권,2023,CFS,BS,현금및현금성자산,603826923527.0,,
00156859,030210,다올투자증권,2025,CFS,BS,자산총계,10456674488190.0,,
00156859,030210,다올투자증권,2024,CFS,BS,자산총계,9603169769789.0,,
00156859,030210,다올투자증권,2023,CFS,BS,자산총계,9211837352163.0,,
00156859,030210,다올투자증권,2025,CFS,BS,예수부채,4402946441223.0,,
00156859,030210,다올투자증권,2024,CFS,BS,예수부채,3977163571100.0,,
00156859,030210,다올투자증권,2023,CFS,BS,예수부채,3976002664649.0,,
00156859,030210,다올투자증권,2025,CFS,BS,부채총계,9649595801751.0,,
00156859,030210,다올투자증권,2024,CFS,BS,부채총계,8827179129671.0,,
00156859,030210,다올투자증권,2023,CFS,BS,부채총계,8381319281247.0,,
00156859,030210,다올투자증권,2025,CFS,BS,자본총계,807078686439.0,,
00156859,030210,다올투자증권,2024,CFS,BS,자본총계,775990640118.0,,
00156859,030210,다올투자증권,2023,CFS,BS,자본총계,830518070916.0,,
00156859,030210,다올투자증권,2025,CFS,IS,수수료수익,175939833465.0,,
00156859,030210,다올투자증권,2024,CFS,IS,수수료수익,128145327039.0,,
00156859,030210,다올투자증권,2023,CFS,IS,수수료수익,141311254268.0,,
00156859,030210,다올투자증권,2025,CFS,IS,이자수익,525385340574.0,,
00156859,030210,다올투자증권,2024,CFS,IS,이자수익,558043558176.0,,
00156859,030210,다올투자증권,2023,CFS,IS,이자수익,567332958097.0,,
00156859,030210,다올투자증권,2025,CFS,IS,수수료비용,64126493525.0,,
00156859,030210,다올투자증권,2024,CFS,IS,수수료비용,36720616566.0,,
00156859,030210,다올투자증권,2023,CFS,IS,수수료비용,32059412907.0,,
00156859,030210,다올투자증권,2025,CFS,IS,이자비용,267662756655.0,,
00156859,030210,다올투자증권,2024,CFS,IS,이자비용,312009929642.0,,
00156859,030210,다올투자증권,2023,CFS,IS,이자비용,343664459124.0,,
00156859,030210,다올투자증권,2025,CFS,IS,영업이익,33723214189.0,,
00156859,030210,다올투자증권,2024,CFS,IS,영업이익,-74930396986.0,,
00156859,030210,다올투자증권,2023,CFS,IS,영업이익,-62004542741.0,,
00156859,030210,다올투자증권,2025,CFS,IS,법인세비용차감전순이익,54860091708.0,,
00156859,030210,다올투자증권,2024,CFS,IS,법인세비용차감전순이익,-54241970634.0,,
00156859,030210,다올투자증권,2023,CFS,IS,법인세비용차감전순이익,5745478390.0,,
00156859,030210,다올투자증권,2025,CFS,IS,당기순이익,43856633210.0,,
00156859,030210,다올투자증권,2024,CFS,IS,당기순이익,-45454462330.0,,
00156859,030210,다올투자증권,2023,CFS,IS,당기순이익,-11367972142.0,,
00110893,003540,대신증권,2025,CFS,BS,현금및예치금,4631205233000.0,,
00110893,003540,대신증권,2024,CFS,BS,현금및예치금,2406632887000.0,,
00110893,003540,대신증권,2023,CFS,BS,현금및예치금,2133671221000.0,,
00110893,003540,대신증권,2025,CFS,BS,대출채권,7739636138000.0,,
00110893,003540,대신증권,2024,CFS,BS,대출채권,7543092272000.0,,
00110893,003540,대신증권,2023,CFS,BS,대출채권,5436457760000.0,,
00110893,003540,대신증권,2025,CFS,BS,자산총계,39128864373000.0,,
00110893,003540,대신증권,2024,CFS,BS,자산총계,26396108665000.0,,
00110893,003540,대신증권,2023,CFS,BS,자산총계,22643488792000.0,,
00110893,003540,대신증권,2025,CFS,BS,예수부채,5389249706000.0,,
00110893,003540,대신증권,2024,CFS,BS,예수부채,4154324332000.0,,
00110893,003540,대신증권,2023,CFS,BS,예수부채,4312498079000.0,,
00110893,003540,대신증권,2025,CFS,BS,차입부채,14806227019000.0,,
00110893,003540,대신증권,2024,CFS,BS,차입부채,11345179030000.0,,
00110893,003540,대신증권,2023,CFS,BS,차입부채,9409501242000.0,,
00110893,003540,대신증권,2025,CFS,BS,부채총계,35071641416000.0,,
00110893,003540,대신증권,2024,CFS,BS,부채총계,23080719628000.0,,
00110893,003540,대신증권,2023,CFS,BS,부채총계,19622059968000.0,,
00110893,003540,대신증권,2025,CFS,BS,자본총계,4057222957000.0,,
00110893,003540,대신증권,2024,CFS,BS,자본총계,3315389037000.0,,
00110893,003540,대신증권,2023,CFS,BS,자본총계,3021428824000.0,,
00110893,003540,대신증권,2025,CFS,IS,수수료수익,508168750000.0,,
00110893,003540,대신증권,2024,CFS,IS,수수료수익,428130525000.0,,
00110893,003540,대신증권,2023,CFS,IS,수수료수익,404094907000.0,,
00110893,003540,대신증권,2025,CFS,IS,이자수익,786365462000.0,,
00110893,003540,대신증권,2024,CFS,IS,이자수익,690766030000.0,,
00110893,003540,대신증권,2023,CFS,IS,이자수익,610153571000.0,,
00110893,003540,대신증권,2025,CFS,IS,수수료비용,76754038000.0,,
00110893,003540,대신증권,2024,CFS,IS,수수료비용,51836011000.0,,
00110893,003540,대신증권,2023,CFS,IS,수수료비용,35793817000.0,,
00110893,003540,대신증권,2025,CFS,IS,이자비용,669185962000.0,,
00110893,003540,대신증권,2024,CFS,IS,이자비용,659064321000.0,,
00110893,003540,대신증권,2023,CFS,IS,이자비용,599432476000.0,,
00110893,003540,대신증권,2025,CFS,IS,영업이익,301402464000.0,,
00110893,003540,대신증권,2024,CFS,IS,영업이익,83593035000.0,,
00110893,003540,대신증권,2023,CFS,IS,영업이익,161317426000.0,,
00110893,003540,대신증권,2025,CFS,IS,법인세비용차감전순이익,264626604000.0,,
00110893,003540,대신증권,2024,CFS,IS,법인세비용차감전순이익,188389487000.0,,
00110893,003540,대신증권,2023,CFS,IS,법인세비용차감전순이익,181219440000.0,,
00110893,003540,대신증권,2025,CFS,IS,당기순이익,186726503000.0,,
00110893,003540,대신증권,2024,CFS,IS,당기순이익,144182139000.0,,
00110893,003540,대신증권,2023,CFS,IS,당기순이익,135831720000.0,,
00111722,006800,미래에셋증권,2025,CFS,BS,현금및현금성자산,1698057000000.0,,
00111722,006800,미래에셋증권,2024,CFS,BS,현금및현금성자산,1932473000000.0,,
00111722,006800,미래에셋증권,2023,CFS,BS,현금및현금성자산,1750886000000.0,,
00111722,006800,미래에셋증권,2025,CFS,BS,자산총계,150283930000000.0,,
00111722,006800,미래에셋증권,2024,CFS,BS,자산총계,137176998000000.0,,
00111722,006800,미래에셋증권,2023,CFS,BS,자산총계,128206948000000.0,,
00111722,006800,미래에셋증권,2025,CFS,BS,예수부채,17887144000000.0,,
00111722,006800,미래에셋증권,2024,CFS,BS,예수부채,12229684000000.0,,
00111722,006800,미래에셋증권,2023,CFS,BS,예수부채,10926684000000.0,,
00111722,006800,미래에셋증권,2025,CFS,BS,차입부채,77102863000000.0,,
00111722,006800,미래에셋증권,2024,CFS,BS,차입부채,77117375000000.0,,
00111722,006800,미래에셋증권,2023,CFS,BS,차입부채,67894577000000.0,,
00111722,006800,미래에셋증권,2025,CFS,BS,발행사채,9756730000000.0,,
00111722,006800,미래에셋증권,2024,CFS,BS,발행사채,7744289000000.0,,
00111722,006800,미래에셋증권,2023,CFS,BS,발행사채,6976336000000.0,,
00111722,006800,미래에셋증권,2025,CFS,BS,부채총계,136805727000000.0,,
00111722,006800,미래에셋증권,2024,CFS,BS,부채총계,124913290000000.0,,
00111722,006800,미래에셋증권,2023,CFS,BS,부채총계,116938446000000.0,,
00111722,006800,미래에셋증권,2025,CFS,BS,자본총계,13478203000000.0,,
00111722,006800,미래에셋증권,2024,CFS,BS,자본총계,12263708000000.0,,
00111722,006800,미래에셋증권,2023,CFS,BS,자본총계,11268502000000.0,,
00111722,006800,미래에셋증권,2025,CFS,IS,수수료수익,1951371000000.0,,
00111722,006800,미래에셋증권,2024,CFS,IS,수수료수익,1308008000000.0,,
00111722,006800,미래에셋증권,2023,CFS,IS,수수료수익,1137604000000.0,,
00111722,006800,미래에셋증권,2025,CFS,IS,이자수익,6283561000000.0,,
00111722,006800,미래에셋증권,2024,CFS,IS,이자수익,5805279000000.0,,
00111722,006800,미래에셋증권,2023,CFS,IS,이자수익,4313760000000.0,,
00111722,006800,미래에셋증권,2025,CFS,IS,수수료비용,652894000000.0,,
00111722,006800,미래에셋증권,2024,CFS,IS,수수료비용,265991000000.0,,
00111722,006800,미래에셋증권,2023,CFS,IS,수수료비용,237998000000.0,,
00111722,006800,미래에셋증권,2025,CFS,IS,이자비용,5704046000000.0,,
00111722,006800,미래에셋증권,2024,CFS,IS,이자비용,5420668000000.0,,
00111722,006800,미래에셋증권,2023,CFS,IS,이자비용,3949032000000.0,,
00111722,006800,미래에셋증권,2025,CFS,IS,영업이익,1915104000000.0,,
00111722,006800,미래에셋증권,2024,CFS,IS,영업이익,1188076000000.0,,
00111722,006800,미래에셋증권,2023,CFS,IS,영업이익,521037000000.0,,
00111722,006800,미래에셋증권,2025,CFS,IS,법인세비용차감전순이익,2079352000000.0,,
00111722,006800,미래에셋증권,2024,CFS,IS,법인세비용차감전순이익,1224458000000.0,,
00111722,006800,미래에셋증권,2023,CFS,IS,법인세비용차감전순이익,374165000000.0,,
00111722,006800,미래에셋증권,2025,CFS,IS,당기순이익,1582916000000.0,,
00111722,006800,미래에셋증권,2024,CFS,IS,당기순이익,925470000000.0,,
00111722,006800,미래에셋증권,2023,CFS,IS,당기순이익,333238000000.0,,
00123772,001270,부국증권,2025,CFS,BS,현금및예치금,280879077039.0,,
00123772,001270,부국증권,2024,CFS,BS,현금및예치금,242058337200.0,,
00123772,001270,부국증권,2023,CFS,BS,현금및예치금,223504161027.0,,
00123772,001270,부국증권,2025,CFS,BS,대출채권,66424035740.0,,
00123772,001270,부국증권,2024,CFS,BS,대출채권,109369747502.0,,
00123772,001270,부국증권,2023,CFS,BS,대출채권,125421212279.0,,
00123772,001270,부국증권,2025,CFS,BS,자산총계,1811920840036.0,,
00123772,001270,부국증권,2024,CFS,BS,자산총계,1651368375233.0,,
00123772,001270,부국증권,2023,CFS,BS,자산총계,1770492019487.0,,
00123772,001270,부국증권,2025,CFS,BS,예수부채,54036551737.0,,
00123772,001270,부국증권,2024,CFS,BS,예수부채,35618328596.0,,
00123772,001270,부국증권,2023,CFS,BS,예수부채,39789953844.0,,
00123772,001270,부국증권,2025,CFS,BS,부채총계,978659889416.0,,
00123772,001270,부국증권,2024,CFS,BS,부채총계,881102905317.0,,
00123772,001270,부국증권,2023,CFS,BS,부채총계,1012607100628.0,,
00123772,001270,부국증권,2025,CFS,BS,자본총계,833260950620.0,,
00123772,001270,부국증권,2024,CFS,BS,자본총계,770265469916.0,,
00123772,001270,부국증권,2023,CFS,BS,자본총계,757884918859.0,,
00123772,001270,부국증권,2025,CFS,IS,수수료수익,96311645270.0,,
00123772,001270,부국증권,2024,CFS,IS,수수료수익,78505404284.0,,
00123772,001270,부국증권,2023,CFS,IS,수수료수익,102778869674.0,,
00123772,001270,부국증권,2025,CFS,IS,이자수익,119681520452.0,,
00123772,001270,부국증권,2024,CFS,IS,이자수익,130309031549.0,,
00123772,001270,부국증권,2023,CFS,IS,이자수익,105808757444.0,,
00123772,001270,부국증권,2025,CFS,IS,수수료비용,13945783276.0,,
00123772,001270,부국증권,2024,CFS,IS,수수료비용,9894067810.0,,
00123772,001270,부국증권,2023,CFS,IS,수수료비용,9463155275.0,,
00123772,001270,부국증권,2025,CFS,IS,이자비용,101136586998.0,,
00123772,001270,부국증권,2024,CFS,IS,이자비용,104379578051.0,,
00123772,001270,부국증권,2023,CFS,IS,이자비용,92736917563.0,,
00123772,001270,부국증권,2025,CFS,IS,영업이익,56777193314.0,,
00123772,001270,부국증권,2024,CFS,IS,영업이익,36674404410.0,,
00123772,001270,부국증권,2023,CFS,IS,영업이익,69108709126.0,,
00123772,001270,부국증권,2025,CFS,IS,법인세비용차감전순이익,59464827718.0,,
00123772,001270,부국증권,2024,CFS,IS,법인세비용차감전순이익,41200930102.0,,
00123772,001270,부국증권,2023,CFS,IS,법인세비용차감전순이익,73634606435.0,,
00123772,001270,부국증권,2025,CFS,IS,당기순이익,45640937410.0,,
00123772,001270,부국증권,2024,CFS,IS,당기순이익,30952554750.0,,
00123772,001270,부국증권,2023,CFS,IS,당기순이익,57306543254.0,,
00104856,016360,삼성증권,2025,CFS,BS,현금및현금성자산,3379830380886.0,,
00104856,016360,삼성증권,2024,CFS,BS,현금및현금성자산,2960654635950.0,,
00104856,016360,삼성증권,2023,CFS,BS,현금및현금성자산,1835274719152.0,,
00104856,016360,삼성증권,2025,CFS,BS,자산총계,79683213004622.0,,
00104856,016360,삼성증권,2024,CFS,BS,자산총계,62273916116630.0,,
00104856,016360,삼성증권,2023,CFS,BS,자산총계,56507909508834.0,,
00104856,016360,삼성증권,2025,CFS,BS,예수부채,22018426813432.0,,
00104856,016360,삼성증권,2024,CFS,BS,예수부채,16288371043637.0,,
00104856,016360,삼성증권,2023,CFS,BS,예수부채,14570487644962.0,,
00104856,016360,삼성증권,2025,CFS,BS,차입부채,25338771946571.0,,
00104856,016360,삼성증권,2024,CFS,BS,차입부채,19915227457681.0,,
00104856,016360,삼성증권,2023,CFS,BS,차입부채,17124369621668.0,,
00104856,016360,삼성증권,2025,CFS,BS,발행사채,4076142290150.0,,
00104856,016360,삼성증권,2024,CFS,BS,발행사채,2575789115918.0,,
00104856,016360,삼성증권,2023,CFS,BS,발행사채,2590364399835.0,,
00104856,016360,삼성증권,2025,CFS,BS,부채총계,71615157044752.0,,
00104856,016360,삼성증권,2024,CFS,BS,부채총계,54949703002180.0,,
00104856,016360,삼성증권,2023,CFS,BS,부채총계,49885200114300.0,,
00104856,016360,삼성증권,2025,CFS,BS,자본총계,8068055959870.0,,
00104856,016360,삼성증권,2024,CFS,BS,자본총계,7324213114450.0,,
00104856,016360,삼성증권,2023,CFS,BS,자본총계,6622709394534.0,,
00104856,016360,삼성증권,2025,CFS,IS,순수수료손익,1183565642411.0,,
00104856,016360,삼성증권,2024,CFS,IS,순수수료손익,948541876681.0,,
00104856,016360,삼성증권,2023,CFS,IS,순수수료손익,798866070389.0,,
00104856,016360,삼성증권,2025,CFS,IS,수수료수익,1420409774748.0,,
00104856,016360,삼성증권,2024,CFS,IS,수수료수익,1146627595048.0,,
00104856,016360,삼성증권,2023,CFS,IS,수수료수익,1000019189708.0,,
00104856,016360,삼성증권,2025,CFS,IS,수수료비용,-236844132337.0,,
00104856,016360,삼성증권,2024,CFS,IS,수수료비용,-198085718367.0,,
00104856,016360,삼성증권,2023,CFS,IS,수수료비용,-201153119319.0,,
00104856,016360,삼성증권,2025,CFS,IS,순이자손익,712575604140.0,,
00104856,016360,삼성증권,2024,CFS,IS,순이자손익,668147980003.0,,
00104856,016360,삼성증권,2023,CFS,IS,순이자손익,649202061572.0,,
00104856,016360,삼성증권,2025,CFS,IS,이자수익,1670057300671.0,,
00104856,016360,삼성증권,2024,CFS,IS,이자수익,1691960043439.0,,
00104856,016360,삼성증권,2023,CFS,IS,이자수익,1610761146377.0,,
00104856,016360,삼성증권,2025,CFS,IS,이자비용,-957481696531.0,,
00104856,016360,삼성증권,2024,CFS,IS,이자비용,-1023812063436.0,,
00104856,016360,삼성증권,2023,CFS,IS,이자비용,-961559084805.0,,
00104856,016360,삼성증권,2025,CFS,IS,순영업손익,2520085248118.0,,
00104856,016360,삼성증권,2024,CFS,IS,순영업손익,2239778330289.0,,
00104856,016360,삼성증권,2023,CFS,IS,순영업손익,1647003027855.0,,
00104856,016360,삼성증권,2025,CFS,IS,영업이익,1375673177021.0,,
00104856,016360,삼성증권,2024,CFS,IS,영업이익,1205750469446.0,,
00104856,016360,삼성증권,2023,CFS,IS,영업이익,741117973834.0,,
00104856,016360,삼성증권,2025,CFS,IS,법인세비용차감전순이익,1357428154131.0,,
00104856,016360,삼성증권,2024,CFS,IS,법인세비용차감전순이익,1209626217158.0,,
00104856,016360,삼성증권,2023,CFS,IS,법인세비용차감전순이익,746814559536.0,,
00104856,016360,삼성증권,2025,CFS,IS,당기순이익,1007226734146.0,,
00104856,016360,삼성증권,2024,CFS,IS,당기순이익,899037889864.0,,
00104856,016360,삼성증권,2023,CFS,IS,당기순이익,547405708396.0,,
00112059,001290,상상인증권,2025,CFS,BS,현금및현금성자산,94073396040.0,,
00112059,001290,상상인증권,2024,CFS,BS,현금및현금성자산,11440557129.0,,
00112059,001290,상상인증권,2023,CFS,BS,현금및현금성자산,90080815230.0,,
00112059,001290,상상인증권,2025,CFS,BS,현금및예치금,181611317972.0,,
00112059,001290,상상인증권,2024,CFS,BS,현금및예치금,58325690883.0,,
00112059,001290,상상인증권,2023,CFS,BS,현금및예치금,13126491490.0,,
00112059,001290,상상인증권,2025,CFS,BS,자산총계,1244672349888.0,,
00112059,001290,상상인증권,2024,CFS,BS,자산총계,1230922556862.0,,
00112059,001290,상상인증권,2023,CFS,BS,자산총계,2173761439448.0,,
00112059,001290,상상인증권,2025,CFS,BS,예수부채,195342821930.0,,
00112059,001290,상상인증권,2024,CFS,BS,예수부채,36630866725.0,,
00112059,001290,상상인증권,2023,CFS,BS,예수부채,41661795096.0,,
00112059,001290,상상인증권,2025,CFS,BS,부채총계,1049277152809.0,,
00112059,001290,상상인증권,2024,CFS,BS,부채총계,1049832859211.0,,
00112059,001290,상상인증권,2023,CFS,BS,부채총계,1939613651597.0,,
00112059,001290,상상인증권,2025,CFS,BS,자본총계,195395197079.0,,
00112059,001290,상상인증권,2024,CFS,BS,자본총계,181089697651.0,,
00112059,001290,상상인증권,2023,CFS,BS,자본총계,234147787851.0,,
00112059,001290,상상인증권,2025,CFS,IS,수수료수익,35307333080.0,,
00112059,001290,상상인증권,2024,CFS,IS,수수료수익,39726564530.0,,
00112059,001290,상상인증권,2023,CFS,IS,수수료수익,33245989227.0,,
00112059,001290,상상인증권,2025,CFS,IS,이자수익,31380471187.0,,
00112059,001290,상상인증권,2024,CFS,IS,이자수익,48981260362.0,,
00112059,001290,상상인증권,2023,CFS,IS,이자수익,48445576458.0,,
00112059,001290,상상인증권,2025,CFS,IS,수수료비용,2723413787.0,,
00112059,001290,상상인증권,2024,CFS,IS,수수료비용,5237932569.0,,
00112059,001290,상상인증권,2023,CFS,IS,수수료비용,3849565156.0,,
00112059,001290,상상인증권,2025,CFS,IS,이자비용,24462232334.0,,
00112059,001290,상상인증권,2024,CFS,IS,이자비용,51168588452.0,,
00112059,001290,상상인증권,2023,CFS,IS,이자비용,37792416219.0,,
00112059,001290,상상인증권,2025,CFS,IS,영업이익,-9089480944.0,,
00112059,001290,상상인증권,2024,CFS,IS,영업이익,-49707791308.0,,
00112059,001290,상상인증권,2023,CFS,IS,영업이익,961727538.0,,
00112059,001290,상상인증권,2025,CFS,IS,법인세비용차감전순이익,-7949602968.0,,
00112059,001290,상상인증권,2024,CFS,IS,법인세비용차감전순이익,-48933106270.0,,
00112059,001290,상상인증권,2023,CFS,IS,법인세비용차감전순이익,691955297.0,,
00112059,001290,상상인증권,2025,CFS,IS,당기순이익,-5856970937.0,,
00112059,001290,상상인증권,2024,CFS,IS,당기순이익,-47346647857.0,,
00112059,001290,상상인증권,2023,CFS,IS,당기순이익,487236451.0,,
00136721,001720,신영증권,2026,CFS,BS,현금및예치금,753225325320.0,,
00136721,001720,신영증권,2025,CFS,BS,현금및예치금,984965942092.0,,
00136721,001720,신영증권,2024,CFS,BS,현금및예치금,539962194487.0,,
00136721,001720,신영증권,2026,CFS,BS,자산총계,12859822106463.0,,
00136721,001720,신영증권,2025,CFS,BS,자산총계,10379574597460.0,,
00136721,001720,신영증권,2024,CFS,BS,자산총계,10609935089040.0,,
00136721,001720,신영증권,2026,CFS,BS,예수부채,255307006360.0,,
00136721,001720,신영증권,2025,CFS,BS,예수부채,287321883652.0,,
00136721,001720,신영증권,2024,CFS,BS,예수부채,141261026012.0,,
00136721,001720,신영증권,2026,CFS,BS,차입부채,6267599544612.0,,
00136721,001720,신영증권,2025,CFS,BS,차입부채,5366387991460.0,,
00136721,001720,신영증권,2024,CFS,BS,차입부채,4887603142811.0,,
00136721,001720,신영증권,2026,CFS,BS,부채총계,10809510341521.0,,
00136721,001720,신영증권,2025,CFS,BS,부채총계,8546880622161.0,,
00136721,001720,신영증권,2024,CFS,BS,부채총계,8921462823065.0,,
00136721,001720,신영증권,2026,CFS,BS,자본총계,2050311764942.0,,
00136721,001720,신영증권,2025,CFS,BS,자본총계,1832693975299.0,,
00136721,001720,신영증권,2024,CFS,BS,자본총계,1688472265975.0,,
00136721,001720,신영증권,2026,CFS,IS,수수료수익,176815849568.0,,
00136721,001720,신영증권,2025,CFS,IS,수수료수익,144386081502.0,,
00136721,001720,신영증권,2024,CFS,IS,수수료수익,151195054600.0,,
00136721,001720,신영증권,2026,CFS,IS,이자수익,296652029526.0,,
00136721,001720,신영증권,2025,CFS,IS,이자수익,312015769522.0,,
00136721,001720,신영증권,2024,CFS,IS,이자수익,321899677873.0,,
00136721,001720,신영증권,2026,CFS,IS,수수료비용,13698239048.0,,
00136721,001720,신영증권,2025,CFS,IS,수수료비용,5648370247.0,,
00136721,001720,신영증권,2024,CFS,IS,수수료비용,7177478440.0,,
00136721,001720,신영증권,2026,CFS,IS,이자비용,182291611087.0,,
00136721,001720,신영증권,2025,CFS,IS,이자비용,211522077540.0,,
00136721,001720,신영증권,2024,CFS,IS,이자비용,189236796820.0,,
00136721,001720,신영증권,2026,CFS,IS,영업이익,195838930804.0,,
00136721,001720,신영증권,2025,CFS,IS,영업이익,136145617008.0,,
00136721,001720,신영증권,2024,CFS,IS,영업이익,170377256793.0,,
00136721,001720,신영증권,2026,CFS,IS,법인세비용차감전순이익,202780379054.0,,
00136721,001720,신영증권,2025,CFS,IS,법인세비용차감전순이익,149238436657.0,,
00136721,001720,신영증권,2024,CFS,IS,법인세비용차감전순이익,182321572128.0,,
00136721,001720,신영증권,2026,CFS,IS,당기순이익,156126127423.0,,
00136721,001720,신영증권,2025,CFS,IS,당기순이익,112278184228.0,,
00136721,001720,신영증권,2024,CFS,IS,당기순이익,149387962241.0,,
00117601,003470,유안타증권,2025,CFS,BS,현금및예치금,1946143635000.0,,
00117601,003470,유안타증권,2024,CFS,BS,현금및예치금,2093314873000.0,,
00117601,003470,유안타증권,2023,CFS,BS,현금및예치금,1811287932000.0,,
00117601,003470,유안타증권,2025,CFS,BS,현금및현금성자산,812775997000.0,,
00117601,003470,유안타증권,2024,CFS,BS,현금및현금성자산,771819772000.0,,
00117601,003470,유안타증권,2023,CFS,BS,현금및현금성자산,649022716000.0,,
00117601,003470,유안타증권,2025,CFS,BS,대출채권,3291350213000.0,,
00117601,003470,유안타증권,2024,CFS,BS,대출채권,2759356352000.0,,
00117601,003470,유안타증권,2023,CFS,BS,대출채권,2867096284000.0,,
00117601,003470,유안타증권,2025,CFS,BS,자산총계,20030123636000.0,,
00117601,003470,유안타증권,2024,CFS,BS,자산총계,16800267411000.0,,
00117601,003470,유안타증권,2023,CFS,BS,자산총계,16461846690000.0,,
00117601,003470,유안타증권,2025,CFS,BS,예수부채,3391707738000.0,,
00117601,003470,유안타증권,2024,CFS,BS,예수부채,2667015725000.0,,
00117601,003470,유안타증권,2023,CFS,BS,예수부채,2666279494000.0,,
00117601,003470,유안타증권,2025,CFS,BS,부채총계,18124190815000.0,,
00117601,003470,유안타증권,2024,CFS,BS,부채총계,15165958980000.0,,
00117601,003470,유안타증권,2023,CFS,BS,부채총계,14860352268000.0,,
00117601,003470,유안타증권,2025,CFS,BS,자본총계,1905932821000.0,,
00117601,003470,유안타증권,2024,CFS,BS,자본총계,1634308431000.0,,
00117601,003470,유안타증권,2023,CFS,BS,자본총계,1601494422000.0,,
00117601,003470,유안타증권,2025,CFS,IS,수수료수익,406227596000.0,,
00117601,003470,유안타증권,2024,CFS,IS,수수료수익,305416539000.0,,
00117601,003470,유안타증권,2023,CFS,IS,수수료수익,282764110000.0,,
00117601,003470,유안타증권,2025,CFS,IS,이자수익,457452552000.0,,
00117601,003470,유안타증권,2024,CFS,IS,이자수익,473697967000.0,,
00117601,003470,유안타증권,2023,CFS,IS,이자수익,411324382000.0,,
00117601,003470,유안타증권,2025,CFS,IS,수수료비용,39481400000.0,,
00117601,003470,유안타증권,2024,CFS,IS,수수료비용,28117319000.0,,
00117601,003470,유안타증권,2023,CFS,IS,수수료비용,28248422000.0,,
00117601,003470,유안타증권,2025,CFS,IS,이자비용,275558194000.0,,
00117601,003470,유안타증권,2024,CFS,IS,이자비용,310910852000.0,,
00117601,003470,유안타증권,2023,CFS,IS,이자비용,272307710000.0,,
00117601,003470,유안타증권,2025,CFS,IS,영업이익,99379167000.0,,
00117601,003470,유안타증권,2024,CFS,IS,영업이익,94753156000.0,,
00117601,003470,유안타증권,2023,CFS,IS,영업이익,129124926000.0,,
00117601,003470,유안타증권,2025,CFS,IS,법인세비용차감전순이익,117136001000.0,,
00117601,003470,유안타증권,2024,CFS,IS,법인세비용차감전순이익,95925835000.0,,
00117601,003470,유안타증권,2023,CFS,IS,법인세비용차감전순이익,91087563000.0,,
00117601,003470,유안타증권,2025,CFS,IS,당기순이익,95631538000.0,,
00117601,003470,유안타증권,2024,CFS,IS,당기순이익,73049835000.0,,
00117601,003470,유안타증권,2023,CFS,IS,당기순이익,64427517000.0,,
00131054,001200,유진증권,2025,CFS,BS,현금및현금성자산,552399273306.0,,
00131054,001200,유진증권,2024,CFS,BS,현금및현금성자산,468997722764.0,,
00131054,001200,유진증권,2023,CFS,BS,현금및현금성자산,446368434398.0,,
00131054,001200,유진증권,2025,CFS,BS,대출채권,1252166532569.0,,
00131054,001200,유진증권,2024,CFS,BS,대출채권,862952257268.0,,
00131054,001200,유진증권,2023,CFS,BS,대출채권,830467053989.0,,
00131054,001200,유진증권,2025,CFS,BS,자산총계,11049028363321.0,,
00131054,001200,유진증권,2024,CFS,BS,자산총계,9646708149349.0,,
00131054,001200,유진증권,2023,CFS,BS,자산총계,8699332043240.0,,
00131054,001200,유진증권,2025,CFS,BS,예수부채,1710000883736.0,,
00131054,001200,유진증권,2024,CFS,BS,예수부채,966974459709.0,,
00131054,001200,유진증권,2023,CFS,BS,예수부채,985313354871.0,,
00131054,001200,유진증권,2025,CFS,BS,차입부채,4668984239356.0,,
00131054,001200,유진증권,2024,CFS,BS,차입부채,4583399522112.0,,
00131054,001200,유진증권,2023,CFS,BS,차입부채,4181978983937.0,,
00131054,001200,유진증권,2025,CFS,BS,부채총계,9916557486041.0,,
00131054,001200,유진증권,2024,CFS,BS,부채총계,8595331993613.0,,
00131054,001200,유진증권,2023,CFS,BS,부채총계,7687427343652.0,,
00131054,001200,유진증권,2025,CFS,BS,자본총계,1132470877280.0,,
00131054,001200,유진증권,2024,CFS,BS,자본총계,1051376155736.0,,
00131054,001200,유진증권,2023,CFS,BS,자본총계,1011904699588.0,,
00131054,001200,유진증권,2025,CFS,IS,수수료수익,203850133964.0,,
00131054,001200,유진증권,2024,CFS,IS,수수료수익,186162391506.0,,
00131054,001200,유진증권,2023,CFS,IS,수수료수익,192655435965.0,,
00131054,001200,유진증권,2025,CFS,IS,이자수익,250915904219.0,,
00131054,001200,유진증권,2024,CFS,IS,이자수익,270079106300.0,,
00131054,001200,유진증권,2023,CFS,IS,이자수익,247996885014.0,,
00131054,001200,유진증권,2025,CFS,IS,수수료비용,33467322863.0,,
00131054,001200,유진증권,2024,CFS,IS,수수료비용,28063695977.0,,
00131054,001200,유진증권,2023,CFS,IS,수수료비용,31286757440.0,,
00131054,001200,유진증권,2025,CFS,IS,이자비용,158405772972.0,,
00131054,001200,유진증권,2024,CFS,IS,이자비용,188585192814.0,,
00131054,001200,유진증권,2023,CFS,IS,이자비용,184238088254.0,,
00131054,001200,유진증권,2025,CFS,IS,영업이익,84440893235.0,,
00131054,001200,유진증권,2024,CFS,IS,영업이익,58338142158.0,,
00131054,001200,유진증권,2023,CFS,IS,영업이익,27039374857.0,,
00131054,001200,유진증권,2025,CFS,IS,법인세비용차감전순이익,83515477149.0,,
00131054,001200,유진증권,2024,CFS,IS,법인세비용차감전순이익,62962531346.0,,
00131054,001200,유진증권,2023,CFS,IS,법인세비용차감전순이익,33710043117.0,,
00131054,001200,유진증권,2025,CFS,IS,당기순이익,64538264177.0,,
00131054,001200,유진증권,2024,CFS,IS,당기순이익,49619329316.0,,
00131054,001200,유진증권,2023,CFS,IS,당기순이익,30696475248.0,,
00296290,039490,키움증권,2025,CFS,BS,현금및예치금,9281509526977.0,,
00296290,039490,키움증권,2024,CFS,BS,현금및예치금,7779663122432.0,,
00296290,039490,키움증권,2023,CFS,BS,현금및예치금,6593110535881.0,,
00296290,039490,키움증권,2025,CFS,BS,자산총계,81173768149523.0,,
00296290,039490,키움증권,2024,CFS,BS,자산총계,55688423730459.0,,
00296290,039490,키움증권,2023,CFS,BS,자산총계,52046420344899.0,,
00296290,039490,키움증권,2025,CFS,BS,예수부채,22101162529959.0,,
00296290,039490,키움증권,2024,CFS,BS,예수부채,15711690738911.0,,
00296290,039490,키움증권,2023,CFS,BS,예수부채,16764310675093.0,,
00296290,039490,키움증권,2025,CFS,BS,차입부채,35286966410235.0,,
00296290,039490,키움증권,2024,CFS,BS,차입부채,25009172110377.0,,
00296290,039490,키움증권,2023,CFS,BS,차입부채,20025647325108.0,,
00296290,039490,키움증권,2025,CFS,BS,부채총계,74451363015539.0,,
00296290,039490,키움증권,2024,CFS,BS,부채총계,50056548792460.0,,
00296290,039490,키움증권,2023,CFS,BS,부채총계,47142321220678.0,,
00296290,039490,키움증권,2025,CFS,BS,자본총계,6722405133984.0,,
00296290,039490,키움증권,2024,CFS,BS,자본총계,5631874937999.0,,
00296290,039490,키움증권,2023,CFS,BS,자본총계,4904099124221.0,,
00296290,039490,키움증권,2025,CFS,IS,수수료수익,1382024787408.0,,
00296290,039490,키움증권,2024,CFS,IS,수수료수익,1050418359318.0,,
00296290,039490,키움증권,2023,CFS,IS,수수료수익,916680453885.0,,
00296290,039490,키움증권,2025,CFS,IS,이자수익,1886220941416.0,,
00296290,039490,키움증권,2024,CFS,IS,이자수익,1711227153363.0,,
00296290,039490,키움증권,2023,CFS,IS,이자수익,1674818454864.0,,
00296290,039490,키움증권,2025,CFS,IS,수수료비용,334761267654.0,,
00296290,039490,키움증권,2024,CFS,IS,수수료비용,246633079552.0,,
00296290,039490,키움증권,2023,CFS,IS,수수료비용,266975189885.0,,
00296290,039490,키움증권,2025,CFS,IS,이자비용,1110225303768.0,,
00296290,039490,키움증권,2024,CFS,IS,이자비용,1087789602353.0,,
00296290,039490,키움증권,2023,CFS,IS,이자비용,1030087220943.0,,
00296290,039490,키움증권,2025,CFS,IS,영업이익,1488239956012.0,,
00296290,039490,키움증권,2024,CFS,IS,영업이익,1098240303737.0,,
00296290,039490,키움증권,2023,CFS,IS,영업이익,564659042175.0,,
00296290,039490,키움증권,2025,CFS,IS,법인세비용차감전순이익,1540729012305.0,,
00296290,039490,키움증권,2024,CFS,IS,법인세비용차감전순이익,1092282735644.0,,
00296290,039490,키움증권,2023,CFS,IS,법인세비용차감전순이익,585056864373.0,,
00296290,039490,키움증권,2025,CFS,IS,당기순이익,1114974212697.0,,
00296290,039490,키움증권,2024,CFS,IS,당기순이익,834883309831.0,,
00296290,039490,키움증권,2023,CFS,IS,당기순이익,440737008036.0,,
00162416,001750,한양증권,2024,CFS,BS,현금및예치금,294831812045.0,,
00162416,001750,한양증권,2023,CFS,BS,현금및예치금,215147522175.0,,
00162416,001750,한양증권,2022,CFS,BS,현금및예치금,208696229008.0,,
00162416,001750,한양증권,2024,CFS,BS,대출채권,19350131021.0,,
00162416,001750,한양증권,2023,CFS,BS,대출채권,26099027656.0,,
00162416,001750,한양증권,2022,CFS,BS,대출채권,20058206032.0,,
00162416,001750,한양증권,2024,CFS,BS,자산총계,1731337480778.0,,
00162416,001750,한양증권,2023,CFS,BS,자산총계,1747822854675.0,,
00162416,001750,한양증권,2022,CFS,BS,자산총계,1502891064305.0,,
00162416,001750,한양증권,2024,CFS,BS,예수부채,58825313794.0,,
00162416,001750,한양증권,2023,CFS,BS,예수부채,65683110740.0,,
00162416,001750,한양증권,2022,CFS,BS,예수부채,76112157891.0,,
00162416,001750,한양증권,2024,CFS,BS,차입부채,796587191610.0,,
00162416,001750,한양증권,2023,CFS,BS,차입부채,904846918938.0,,
00162416,001750,한양증권,2022,CFS,BS,차입부채,742558399767.0,,
00162416,001750,한양증권,2024,CFS,BS,부채총계,1217180250407.0,,
00162416,001750,한양증권,2023,CFS,BS,부채총계,1258029081971.0,,
00162416,001750,한양증권,2022,CFS,BS,부채총계,1043504162865.0,,
00162416,001750,한양증권,2024,CFS,BS,자본총계,514157230371.0,,
00162416,001750,한양증권,2023,CFS,BS,자본총계,489793772704.0,,
00162416,001750,한양증권,2022,CFS,BS,자본총계,459386901440.0,,
00162416,001750,한양증권,2024,CFS,IS,수수료수익,92137631635.0,,
00162416,001750,한양증권,2023,CFS,IS,수수료수익,90500979256.0,,
00162416,001750,한양증권,2022,CFS,IS,수수료수익,131061062349.0,,
00162416,001750,한양증권,2024,CFS,IS,이자수익,119338412995.0,,
00162416,001750,한양증권,2023,CFS,IS,이자수익,92250382436.0,,
00162416,001750,한양증권,2022,CFS,IS,이자수익,59298220747.0,,
00162416,001750,한양증권,2024,CFS,IS,수수료비용,-6338159767.0,,
00162416,001750,한양증권,2023,CFS,IS,수수료비용,-7423963822.0,,
00162416,001750,한양증권,2022,CFS,IS,수수료비용,-11093213173.0,,
00162416,001750,한양증권,2024,CFS,IS,이자비용,-96720666413.0,,
00162416,001750,한양증권,2023,CFS,IS,이자비용,-79217172282.0,,
00162416,001750,한양증권,2022,CFS,IS,이자비용,-27064423328.0,,
00162416,001750,한양증권,2024,CFS,IS,영업이익,54449191375.0,,
00162416,001750,한양증권,2023,CFS,IS,영업이익,46294753862.0,,
00162416,001750,한양증권,2022,CFS,IS,영업이익,37196834948.0,,
00162416,001750,한양증권,2024,CFS,IS,법인세비용차감전순이익,53268563715.0,,
00162416,001750,한양증권,2023,CFS,IS,법인세비용차감전순이익,46934651358.0,,
00162416,001750,한양증권,2022,CFS,IS,법인세비용차감전순이익,35531502363.0,,
00162416,001750,한양증권,2024,CFS,IS,당기순이익,38797645588.0,,
00162416,001750,한양증권,2023,CFS,IS,당기순이익,35104172832.0,,
00162416,001750,한양증권,2022,CFS,IS,당기순이익,24033307547.0,,
00148610,003530,한화투자증권,2025,CFS,BS,현금및예치금,899127000000.0,,
00148610,003530,한화투자증권,2024,CFS,BS,현금및예치금,791849000000.0,,
00148610,003530,한화투자증권,2023,CFS,BS,현금및예치금,896573000000.0,,
00148610,003530,한화투자증권,2025,CFS,BS,자산총계,17357936000000.0,,
00148610,003530,한화투자증권,2024,CFS,BS,자산총계,14018124000000.0,,
00148610,003530,한화투자증권,2023,CFS,BS,자산총계,13250184000000.0,,
00148610,003530,한화투자증권,2025,CFS,BS,예수부채,1332783000000.0,,
00148610,003530,한화투자증권,2024,CFS,BS,예수부채,900334000000.0,,
00148610,003530,한화투자증권,2023,CFS,BS,예수부채,1111824000000.0,,
00148610,003530,한화투자증권,2025,CFS,BS,차입부채,9037423000000.0,,
00148610,003530,한화투자증권,2024,CFS,BS,차입부채,7711415000000.0,,
00148610,003530,한화투자증권,2023,CFS,BS,차입부채,6461614000000.0,,
00148610,003530,한화투자증권,2025,CFS,BS,부채총계,15289727000000.0,,
00148610,003530,한화투자증권,2024,CFS,BS,부채총계,12311894000000.0,,
00148610,003530,한화투자증권,2023,CFS,BS,부채총계,11677139000000.0,,
00148610,003530,한화투자증권,2025,CFS,BS,자본총계,2068209000000.0,,
00148610,003530,한화투자증권,2024,CFS,BS,자본총계,1706230000000.0,,
00148610,003530,한화투자증권,2023,CFS,BS,자본총계,1573045000000.0,,
00148610,003530,한화투자증권,2025,CFS,IS,수수료수익,281200000000.0,,
00148610,003530,한화투자증권,2024,CFS,IS,수수료수익,219505000000.0,,
00148610,003530,한화투자증권,2023,CFS,IS,수수료수익,210651000000.0,,
00148610,003530,한화투자증권,2025,CFS,IS,이자수익,391509000000.0,,
00148610,003530,한화투자증권,2024,CFS,IS,이자수익,409754000000.0,,
00148610,003530,한화투자증권,2023,CFS,IS,이자수익,407384000000.0,,
00148610,003530,한화투자증권,2025,CFS,IS,수수료비용,43444000000.0,,
00148610,003530,한화투자증권,2024,CFS,IS,수수료비용,36520000000.0,,
00148610,003530,한화투자증권,2023,CFS,IS,수수료비용,27917000000.0,,
00148610,003530,한화투자증권,2025,CFS,IS,이자비용,290412000000.0,,
00148610,003530,한화투자증권,2024,CFS,IS,이자비용,298574000000.0,,
00148610,003530,한화투자증권,2023,CFS,IS,이자비용,286681000000.0,,
00148610,003530,한화투자증권,2025,CFS,IS,영업이익,147701000000.0,,
00148610,003530,한화투자증권,2024,CFS,IS,영업이익,3966000000.0,,
00148610,003530,한화투자증권,2023,CFS,IS,영업이익,31452000000.0,,
00148610,003530,한화투자증권,2025,CFS,IS,법인세비용차감전순이익,141886000000.0,,
00148610,003530,한화투자증권,2024,CFS,IS,법인세비용차감전순이익,60685000000.0,,
00148610,003530,한화투자증권,2023,CFS,IS,법인세비용차감전순이익,14397000000.0,,
00148610,003530,한화투자증권,2025,CFS,IS,당기순이익,102010000000.0,,
00148610,003530,한화투자증권,2024,CFS,IS,당기순이익,38891000000.0,,
00148610,003530,한화투자증권,2023,CFS,IS,당기순이익,9298000000.0,,
00137997,001500,현대차증권,2025,CFS,BS,현금및예치금,1010635000000.0,,
00137997,001500,현대차증권,2024,CFS,BS,현금및예치금,1133867000000.0,,
00137997,001500,현대차증권,2023,CFS,BS,현금및예치금,1089657000000.0,,
00137997,001500,현대차증권,2025,CFS,BS,대출채권,1764177000000.0,,
00137997,001500,현대차증권,2024,CFS,BS,대출채권,1320857000000.0,,
00137997,001500,현대차증권,2023,CFS,BS,대출채권,1479527000000.0,,
00137997,001500,현대차증권,2025,CFS,BS,자산총계,12396389000000.0,,
00137997,001500,현대차증권,2024,CFS,BS,자산총계,11991996000000.0,,
00137997,001500,현대차증권,2023,CFS,BS,자산총계,11585257000000.0,,
00137997,001500,현대차증권,2025,CFS,BS,예수부채,607899000000.0,,
00137997,001500,현대차증권,2024,CFS,BS,예수부채,589131000000.0,,
00137997,001500,현대차증권,2023,CFS,BS,예수부채,422447000000.0,,
00137997,001500,현대차증권,2025,CFS,BS,차입부채,7204701000000.0,,
00137997,001500,현대차증권,2024,CFS,BS,차입부채,6931511000000.0,,
00137997,001500,현대차증권,2023,CFS,BS,차입부채,6995412000000.0,,
00137997,001500,현대차증권,2025,CFS,BS,부채총계,10953063000000.0,,
00137997,001500,현대차증권,2024,CFS,BS,부채총계,10689901000000.0,,
00137997,001500,현대차증권,2023,CFS,BS,부채총계,10307455000000.0,,
00137997,001500,현대차증권,2025,CFS,BS,자본총계,1443326000000.0,,
00137997,001500,현대차증권,2024,CFS,BS,자본총계,1302095000000.0,,
00137997,001500,현대차증권,2023,CFS,BS,자본총계,1277802000000.0,,
00137997,001500,현대차증권,2025,CFS,IS,순수수료손익,189806000000.0,,
00137997,001500,현대차증권,2024,CFS,IS,순수수료손익,142284000000.0,,
00137997,001500,현대차증권,2023,CFS,IS,순수수료손익,135984000000.0,,
00137997,001500,현대차증권,2025,CFS,IS,수수료수익,212384000000.0,,
00137997,001500,현대차증권,2024,CFS,IS,수수료수익,163037000000.0,,
00137997,001500,현대차증권,2023,CFS,IS,수수료수익,151439000000.0,,
00137997,001500,현대차증권,2025,CFS,IS,수수료비용,22578000000.0,,
00137997,001500,현대차증권,2024,CFS,IS,수수료비용,20753000000.0,,
00137997,001500,현대차증권,2023,CFS,IS,수수료비용,15455000000.0,,
00137997,001500,현대차증권,2025,CFS,IS,순이자손익,112822000000.0,,
00137997,001500,현대차증권,2024,CFS,IS,순이자손익,113434000000.0,,
00137997,001500,현대차증권,2023,CFS,IS,순이자손익,116657000000.0,,
00137997,001500,현대차증권,2025,CFS,IS,이자수익,343351000000.0,,
00137997,001500,현대차증권,2024,CFS,IS,이자수익,391505000000.0,,
00137997,001500,현대차증권,2023,CFS,IS,이자수익,461377000000.0,,
00137997,001500,현대차증권,2025,CFS,IS,이자비용,230529000000.0,,
00137997,001500,현대차증권,2024,CFS,IS,이자비용,278071000000.0,,
00137997,001500,현대차증권,2023,CFS,IS,이자비용,344720000000.0,,
00137997,001500,현대차증권,2025,CFS,IS,영업이익,72252000000.0,,
00137997,001500,현대차증권,2024,CFS,IS,영업이익,54691000000.0,,
00137997,001500,현대차증권,2023,CFS,IS,영업이익,65170000000.0,,
00137997,001500,현대차증권,2025,CFS,IS,법인세비용차감전순이익,71872000000.0,,
00137997,001500,현대차증권,2024,CFS,IS,법인세비용차감전순이익,50508000000.0,,
00137997,001500,현대차증권,2023,CFS,IS,법인세비용차감전순이익,65353000000.0,,
00137997,001500,현대차증권,2025,CFS,IS,당기순이익,57735000000.0,,
00137997,001500,현대차증권,2024,CFS,IS,당기순이익,36150000000.0,,
00137997,001500,현대차증권,2023,CFS,IS,당기순이익,53511000000.0,,
00145190,003460,유화증권,2025,OFS,BS,현금및예치금,43823714954.0,,
00145190,003460,유화증권,2024,OFS,BS,현금및예치금,24765367337.0,,
00145190,003460,유화증권,2023,OFS,BS,현금및예치금,83983421490.0,,
00145190,003460,유화증권,2025,OFS,BS,대출채권,17704883469.0,,
00145190,003460,유화증권,2024,OFS,BS,대출채권,65441009269.0,,
00145190,003460,유화증권,2023,OFS,BS,대출채권,11130494368.0,,
00145190,003460,유화증권,2025,OFS,BS,자산총계,810504521892.0,,
00145190,003460,유화증권,2024,OFS,BS,자산총계,771352960922.0,,
00145190,003460,유화증권,2023,OFS,BS,자산총계,802953282668.0,,
00145190,003460,유화증권,2025,OFS,BS,예수부채,13018052287.0,,
00145190,003460,유화증권,2024,OFS,BS,예수부채,11992803569.0,,
00145190,003460,유화증권,2023,OFS,BS,예수부채,72093213964.0,,
00145190,003460,유화증권,2025,OFS,BS,차입부채,162663450000.0,,
00145190,003460,유화증권,2024,OFS,BS,차입부채,164577450000.0,,
00145190,003460,유화증권,2023,OFS,BS,차입부채,142871010000.0,,
00145190,003460,유화증권,2025,OFS,BS,부채총계,272602005714.0,,
00145190,003460,유화증권,2024,OFS,BS,부채총계,260119655443.0,,
00145190,003460,유화증권,2023,OFS,BS,부채총계,296900932139.0,,
00145190,003460,유화증권,2025,OFS,BS,자본총계,537902516178.0,,
00145190,003460,유화증권,2024,OFS,BS,자본총계,511233305479.0,,
00145190,003460,유화증권,2023,OFS,BS,자본총계,506052350529.0,,
00145190,003460,유화증권,2025,OFS,IS,순수수료손익,1709590439.0,,
00145190,003460,유화증권,2024,OFS,IS,순수수료손익,1557870431.0,,
00145190,003460,유화증권,2023,OFS,IS,순수수료손익,1322965393.0,,
00145190,003460,유화증권,2025,OFS,IS,수수료수익,2041870643.0,,
00145190,003460,유화증권,2024,OFS,IS,수수료수익,1862161962.0,,
00145190,003460,유화증권,2023,OFS,IS,수수료수익,1513423178.0,,
00145190,003460,유화증권,2025,OFS,IS,수수료비용,-332280204.0,,
00145190,003460,유화증권,2024,OFS,IS,수수료비용,-304291531.0,,
00145190,003460,유화증권,2023,OFS,IS,수수료비용,-190457785.0,,
00145190,003460,유화증권,2025,OFS,IS,순이자손익,15529111989.0,,
00145190,003460,유화증권,2024,OFS,IS,순이자손익,16828125385.0,,
00145190,003460,유화증권,2023,OFS,IS,순이자손익,14063775626.0,,
00145190,003460,유화증권,2025,OFS,IS,이자수익,20381923807.0,,
00145190,003460,유화증권,2024,OFS,IS,이자수익,22836462293.0,,
00145190,003460,유화증권,2023,OFS,IS,이자수익,18391406132.0,,
00145190,003460,유화증권,2025,OFS,IS,이자비용,-4852811818.0,,
00145190,003460,유화증권,2024,OFS,IS,이자비용,-6008336908.0,,
00145190,003460,유화증권,2023,OFS,IS,이자비용,-4327630506.0,,
00145190,003460,유화증권,2025,OFS,IS,영업이익,5916978672.0,,
00145190,003460,유화증권,2024,OFS,IS,영업이익,12200935029.0,,
00145190,003460,유화증권,2023,OFS,IS,영업이익,-429524300.0,,
00145190,003460,유화증권,2025,OFS,IS,법인세비용차감전순이익,17222367656.0,,
00145190,003460,유화증권,2024,OFS,IS,법인세비용차감전순이익,21838698122.0,,
00145190,003460,유화증권,2023,OFS,IS,법인세비용차감전순이익,8823838063.0,,
00145190,003460,유화증권,2025,OFS,IS,당기순이익,14055892010.0,,
00145190,003460,유화증권,2024,OFS,IS,당기순이익,17778797328.0,,
00145190,003460,유화증권,2023,OFS,IS,당기순이익,7336575701.0,,
00304915,190650,코리아에셋투자증권,2026,OFS,BS,현금및예치금,73351204328.0,,
00304915,190650,코리아에셋투자증권,2025,OFS,BS,현금및예치금,111198142315.0,,
00304915,190650,코리아에셋투자증권,2024,OFS,BS,현금및예치금,43690233578.0,,
00304915,190650,코리아에셋투자증권,2026,OFS,BS,대출채권,19897749547.0,,
00304915,190650,코리아에셋투자증권,2025,OFS,BS,대출채권,11442766604.0,,
00304915,190650,코리아에셋투자증권,2024,OFS,BS,대출채권,14560503406.0,,
00304915,190650,코리아에셋투자증권,2026,OFS,BS,자산총계,375890984796.0,,
00304915,190650,코리아에셋투자증권,2025,OFS,BS,자산총계,403660403693.0,,
00304915,190650,코리아에셋투자증권,2024,OFS,BS,자산총계,297406732494.0,,
00304915,190650,코리아에셋투자증권,2026,OFS,BS,예수부채,20192249185.0,,
00304915,190650,코리아에셋투자증권,2025,OFS,BS,예수부채,59095058699.0,,
00304915,190650,코리아에셋투자증권,2024,OFS,BS,예수부채,12518583722.0,,
00304915,190650,코리아에셋투자증권,2026,OFS,BS,부채총계,276010193092.0,,
00304915,190650,코리아에셋투자증권,2025,OFS,BS,부채총계,306140349807.0,,
00304915,190650,코리아에셋투자증권,2024,OFS,BS,부채총계,204390355523.0,,
00304915,190650,코리아에셋투자증권,2026,OFS,BS,자본총계,99880791704.0,,
00304915,190650,코리아에셋투자증권,2025,OFS,BS,자본총계,97520053886.0,,
00304915,190650,코리아에셋투자증권,2024,OFS,BS,자본총계,93016376971.0,,
00304915,190650,코리아에셋투자증권,2026,OFS,IS,수수료수익,35365840866.0,,
00304915,190650,코리아에셋투자증권,2025,OFS,IS,수수료수익,37952560365.0,,
00304915,190650,코리아에셋투자증권,2024,OFS,IS,수수료수익,39287717187.0,,
00304915,190650,코리아에셋투자증권,2026,OFS,IS,이자수익,19154447560.0,,
00304915,190650,코리아에셋투자증권,2025,OFS,IS,이자수익,18359994220.0,,
00304915,190650,코리아에셋투자증권,2024,OFS,IS,이자수익,15502978647.0,,
00304915,190650,코리아에셋투자증권,2026,OFS,IS,수수료비용,1700404658.0,,
00304915,190650,코리아에셋투자증권,2025,OFS,IS,수수료비용,1502879212.0,,
00304915,190650,코리아에셋투자증권,2024,OFS,IS,수수료비용,1101832732.0,,
00304915,190650,코리아에셋투자증권,2026,OFS,IS,이자비용,16746960717.0,,
00304915,190650,코리아에셋투자증권,2025,OFS,IS,이자비용,16501061364.0,,
00304915,190650,코리아에셋투자증권,2024,OFS,IS,이자비용,14184557325.0,,
00304915,190650,코리아에셋투자증권,2026,OFS,IS,영업이익,9145221778.0,,
00304915,190650,코리아에셋투자증권,2025,OFS,IS,영업이익,10250470717.0,,
00304915,190650,코리아에셋투자증권,2024,OFS,IS,영업이익,7874736407.0,,
00304915,190650,코리아에셋투자증권,2026,OFS,IS,법인세비용차감전순이익,8418979306.0,,
00304915,190650,코리아에셋투자증권,2025,OFS,IS,법인세비용차감전순이익,11090588577.0,,
00304915,190650,코리아에셋투자증권,2024,OFS,IS,법인세비용차감전순이익,6992612334.0,,
00304915,190650,코리아에셋투자증권,2026,OFS,IS,당기순이익,5864179915.0,,
00304915,190650,코리아에셋투자증권,2025,OFS,IS,당기순이익,7731258329.0,,
00304915,190650,코리아에셋투자증권,2024,OFS,IS,당기순이익,5807380067.0,,
