,"[DS320000] 포괄손익계산서, 증권 - 연결 | Statement of Comprehensive Income, Securities Based - Consolidated financial statements (Unit: KRW)","[DS320000] 포괄손익계산서, 증권 - 연결 | Statement of Comprehensive Income, Securities Based - Consolidated financial statements (Unit: KRW)","[DS320000] 포괄손익계산서, 증권 - 연결 | Statement of Comprehensive Income, Securities Based - Consolidated financial statements (Unit: KRW)","[DS320000] 포괄손익계산서, 증권 - 연결 | Statement of Comprehensive Income, Securities Based - Consolidated financial statements (Unit: KRW)","[DS320000] 포괄손익계산서, 증권 - 연결 | Statement of Comprehensive Income, Securities Based - Consolidated financial statements (Unit: KRW)","[DS320000] 포괄손익계산서, 증권 - 연결 | Statement of Comprehensive Income, Securities Based - Consolidated financial statements (Unit: KRW)","[DS320000] 포괄손익계산서, 증권 - 연결 | Statement of Comprehensive Income, Securities Based - Consolidated financial statements (Unit: KRW)",20240101-20241231,20230101-20231231,20220101-20221231,20210101-20211231
,concept_id,label_ko,label_en,class0,class1,class2,class3,"('연결재무제표',)","('연결재무제표',)","('연결재무제표',)","('연결재무제표',)"
0,ifrs-full_FeeAndCommissionIncomeExpense,순수수료손익,Net fee and commission income (expense),ifrs-full:StatementOfComprehensiveIncomeAbstract,순수수료손익,,,948541876681.0,798866070389.0,714009605155.0,1114154972883.0
1,ifrs-full_FeeAndCommissionIncome,수수료수익,Fee and commission income,ifrs-full:StatementOfComprehensiveIncomeAbstract,순수수료손익,수수료수익,,1146627595048.0,1000019189708.0,893111948599.0,1306543520596.0
2,ifrs-full_FeeAndCommissionExpense,수수료비용,Fee and commission expense,ifrs-full:StatementOfComprehensiveIncomeAbstract,순수수료손익,수수료비용,,-198085718367.0,-201153119319.0,-179102343444.0,-192388547713.0
3,ifrs-full_InterestRevenueExpense,순이자손익,Net interest income and expense,ifrs-full:StatementOfComprehensiveIncomeAbstract,순이자손익,,,668147980003.0,649202061572.0,621189254132.0,711417876921.0
4,ifrs-full_RevenueFromInterest,이자수익,Interest income,ifrs-full:StatementOfComprehensiveIncomeAbstract,순이자손익,이자수익,,1691960043439.0,1610761146377.0,1252231723636.0,950507593339.0
5,ifrs-full_InterestIncomeOnCashAndCashEquivalents,현금및현금성자산이자수익,Interest income on cash and cash equivalents,ifrs-full:StatementOfComprehensiveIncomeAbstract,순이자손익,이자수익,현금및현금성자산이자수익,61555282508.0,45711101775.0,24679840901.0,7143091854.0
6,ifrs-full_InterestIncomeForFinancialAssetsMeasuredAtAmortisedCost,상각후원가측정금융자산관련이자수익,Interest revenue for financial assets measured at amortised cost,ifrs-full:StatementOfComprehensiveIncomeAbstract,순이자손익,이자수익,상각후원가측정금융자산관련이자수익,911383651306.0,927484424339.0,712877024302.0,515302237503.0
7,ifrs-full_InterestRevenueForFinancialAssetsMeasuredAtFairValueThroughOtherComprehensiveIncome,기타포괄손익-공정가치측정금융자산이자수익,Interest revenue for financial assets measured at fair value through other comprehensive income,ifrs-full:StatementOfComprehensiveIncomeAbstract,순이자손익,이자수익,기타포괄손익-공정가치측정금융자산이자수익,89903109041.0,90195172941.0,80121610349.0,57703253879.0
8,ifrs-full_InterestIncomeOnFinancialAssetsDesignatedAtFairValueThroughProfitOrLoss,당기손익-공정가치측정금융자산이자수익,Interest income on financial assets designated at fair value through profit or loss,ifrs-full:StatementOfComprehensiveIncomeAbstract,순이자손익,이자수익,당기손익-공정가치측정금융자산이자수익,629118000584.0,547370447322.0,434553248084.0,370359010103.0
9,ifrs-full_InterestExpense,이자비용,Interest expense,ifrs-full:StatementOfComprehensiveIncomeAbstract,순이자손익,이자비용,,-1023812063436.0,-961559084805.0,-631042469504.0,-239089716418.0
10,dart_GainLossFromFinancialInstrumentsAtFairValueThroughProfitOrLoss,당기손익-공정가치측정금융상품순손익,Gain (loss) from financial instruments at fair value through profit or loss,ifrs-full:StatementOfComprehensiveIncomeAbstract,당기손익-공정가치측정금융상품순손익,,,476375757010.0,266010370861.0,-35953301423.0,327920204590.0
11,dart_GainFromFinancialInstrumentsAtFairValueThroughProfitOrLoss,당기손익-공정가치측정금융상품관련이익,Gain from financial instruments at fair value through profit or loss,ifrs-full:StatementOfComprehensiveIncomeAbstract,당기손익-공정가치측정금융상품순손익,당기손익-공정가치측정금융상품관련이익,,8339157798837.0,8314089839619.0,7705138347918.0,5854746002196.0
12,entity00104856_GainFromFinancialInstrumentsDesignatedAtFairValueThroughProfitOrLossOfudf_IS_2024311184816792OfStatementOfComprehensiveIncomeAbstract,당기손익-공정가치측정지정금융상품관련이익,Gain from financial instruments designated at fair value through profit or loss,ifrs-full:StatementOfComprehensiveIncomeAbstract,당기손익-공정가치측정금융상품순손익,당기손익-공정가치측정지정금융상품관련이익,,235234377457.0,573216006847.0,1164605502401.0,501800117330.0
13,entity00104856_GainOnExchangeRateFluctuationsOfudf_IS_2024311184816792OfStatementOfComprehensiveIncomeAbstract,환율변동이익,Gain on exchange rate fluctuations,ifrs-full:StatementOfComprehensiveIncomeAbstract,당기손익-공정가치측정금융상품순손익,환율변동이익,,193364211300.0,170300091999.0,560539805458.0,252662186752.0
14,dart_LossFromFinancialInstrumentsAtFairValueThroughProfitOrLoss,당기손익-공정가치측정금융상품관련손실,Loss from financial instruments at fair value through profit or loss,ifrs-full:StatementOfComprehensiveIncomeAbstract,당기손익-공정가치측정금융상품순손익,당기손익-공정가치측정금융상품관련손실,,-7561803463630.0,-7678359433822.0,-8734210528305.0,-5459543712379.0
15,entity00104856_LossFromFinancialInstrumentsDesignatedAtFairValueThroughProfitOrLossOfudf_IS_2024311184816792OfStatementOfComprehensiveIncomeAbstract,당기손익-공정가치측정지정금융상품관련손실,Loss from financial instruments designated at fair value through profit or loss,ifrs-full:StatementOfComprehensiveIncomeAbstract,당기손익-공정가치측정금융상품순손익,당기손익-공정가치측정지정금융상품관련손실,,-578856462725.0,-958032607893.0,-539324354231.0,-740592424433.0
16,entity00104856_LossOnExchangeRateFluctuationsOfudf_IS_2024311184816792OfStatementOfComprehensiveIncomeAbstract,환율변동손실,Loss on exchange rate fluctuations,ifrs-full:StatementOfComprehensiveIncomeAbstract,당기손익-공정가치측정금융상품순손익,환율변동손실,,-150720704229.0,-155203525889.0,-192702074664.0,-81151964876.0
17,ifrs-full_OtherOperatingIncomeExpense,기타영업손익,Other operating income (expense),ifrs-full:StatementOfComprehensiveIncomeAbstract,기타영업손익,,,146712716595.0,-67075474967.0,101310488092.0,88283181984.0
18,dart_GainFromFinancialInstrumentsAtFairValueThroughOtherComprehensiveIncome,기타포괄손익-공정가치측정금융자산관련수익,Gain from financial instruments at fair value through other comprehensive income,ifrs-full:StatementOfComprehensiveIncomeAbstract,기타영업손익,기타포괄손익-공정가치측정금융자산관련수익,,1124312431.0,471317284.0,10077036.0,6427749459.0
19,ifrs-full_ReversalAllowanceAccountForCreditLossesOfFinancialAssets,금융자산신용손실환입,"Reversal, allowance account for credit losses of financial assets",ifrs-full:StatementOfComprehensiveIncomeAbstract,기타영업손익,금융자산신용손실환입,,64069875114.0,5057641711.0,4747657681.0,5424427105.0
20,dart_OtherOperatingIncome,기타영업수익,Other operating income,ifrs-full:StatementOfComprehensiveIncomeAbstract,기타영업손익,기타영업수익,,1795082310554.0,1494529714034.0,1906510773476.0,931407144443.0
21,dart_LossFromFinancialInstrumentsAtFairValueThroughOtherComprehensiveIncome,기타포괄손익-공정가치측정금융자산관련비용,Loss from financial instruments at fair value through other comprehensive income,ifrs-full:StatementOfComprehensiveIncomeAbstract,기타영업손익,기타포괄손익-공정가치측정금융자산관련비용,,-4270997.0,-12525845226.0,-5759805258.0,-316803900.0
22,ifrs-full_AdditionalAllowanceRecognisedInProfitOrLossAllowanceAccountForCreditLossesOfFinancialAssets,금융자산신용손실,"Additional allowance recognised in profit or loss, allowance account for credit losses of financial assets",ifrs-full:StatementOfComprehensiveIncomeAbstract,기타영업손익,금융자산신용손실,,-80460351486.0,-312509208479.0,-14321672640.0,-5242982662.0
23,dart_OtherOperatingExpense,기타영업비용,Other operating expense,ifrs-full:StatementOfComprehensiveIncomeAbstract,기타영업손익,기타영업비용,,-1633099159021.0,-1242099094291.0,-1789876542203.0,-849416352461.0
24,entity00104856_NetOperaingIncomeBeforeEmployeeCompensationAndBenefitsAndSellingAndAdministrativeExpensesOfStatementOfComprehensiveIncomeAbstract,순영업손익,"Net operating income before employee compensation and benefits, and selling and administrative expenses",ifrs-full:StatementOfComprehensiveIncomeAbstract,순영업손익,,,2239778330289.0,1647003027855.0,1400556045956.0,2241776236378.0
25,dart_PersonalExpense,인건비,Personal expense,ifrs-full:StatementOfComprehensiveIncomeAbstract,인건비,,,-575821792832.0,-481188943795.0,-424298509657.0,-539093162862.0
26,ifrs-full_SellingGeneralAndAdministrativeExpense,판매비와관리비,"Selling, general and administrative expense",ifrs-full:StatementOfComprehensiveIncomeAbstract,판매비와관리비,,,-458206068011.0,-424696110226.0,-398163641491.0,-393999781102.0
27,ifrs-full_ProfitLossFromOperatingActivities,영업이익,Profit (loss) from operating activities,ifrs-full:StatementOfComprehensiveIncomeAbstract,영업이익,,,1205750469446.0,741117973834.0,578093894808.0,1308683292414.0
28,dart_NonOperatingIncome,영업외수익,Non-operating Income,ifrs-full:StatementOfComprehensiveIncomeAbstract,영업외수익,,,18798809003.0,13246327184.0,8433902472.0,22416857364.0
29,dart_NonOperatingExpense,영업외비용,Non-operating expense,ifrs-full:StatementOfComprehensiveIncomeAbstract,영업외비용,,,-14923061291.0,-7549741482.0,-11797647045.0,-3929272438.0
30,ifrs-full_ProfitLossBeforeTax,법인세비용차감전순이익,Profit (loss) before tax,ifrs-full:StatementOfComprehensiveIncomeAbstract,법인세비용차감전순이익,,,1209626217158.0,746814559536.0,574730150235.0,1327170877340.0
31,ifrs-full_IncomeTaxExpenseContinuingOperations,법인세비용,Tax expense (income),ifrs-full:StatementOfComprehensiveIncomeAbstract,법인세비용,,,-310588327294.0,-199408851140.0,-152325041800.0,-361832668803.0
32,ifrs-full_ProfitLoss,당기순이익,Profit (loss),ifrs-full:StatementOfComprehensiveIncomeAbstract,당기순이익,,,899037889864.0,547405708396.0,422405108435.0,965338208537.0
33,ifrs-full_ProfitLossAttributableToOwnersOfParent,지배기업소유주지분순이익,"Profit (loss), attributable to owners of parent",ifrs-full:StatementOfComprehensiveIncomeAbstract,지배기업소유주지분순이익,,,899037889864.0,547405708396.0,422405108435.0,965338208537.0
34,ifrs-full_ProfitLossAttributableToNoncontrollingInterests,비지배지분순이익,"Profit (loss), attributable to non-controlling interests",ifrs-full:StatementOfComprehensiveIncomeAbstract,비지배지분순이익,,,0.0,0.0,0.0,0.0
35,ifrs-full_OtherComprehensiveIncome,기타포괄손익,Other comprehensive income,ifrs-full:StatementOfComprehensiveIncomeAbstract,기타포괄손익,,,-1074169948.0,31205343343.0,31914446066.0,-5023088607.0
36,ifrs-full_OtherComprehensiveIncomeNetOfTaxGainsLossesOnRemeasurementsOfDefinedBenefitPlans,확정급여제도의재측정요소,"Other comprehensive income, net of tax, gains (losses) on remeasurements of defined benefit plans",ifrs-full:StatementOfComprehensiveIncomeAbstract,기타포괄손익,후속적으로 당기손익으로 재분류되지 않는항목,확정급여제도의재측정요소,-4743260771.0,-5997121118.0,11009347186.0,-642792222.0
37,ifrs-full_OtherComprehensiveIncomeNetOfTaxGainsLossesFromInvestmentsInEquityInstruments,기타포괄손익-공정가치측정지분상품 관련손익,"Other comprehensive income, net of tax, gains (losses) from investments in equity instruments",ifrs-full:StatementOfComprehensiveIncomeAbstract,기타포괄손익,후속적으로 당기손익으로 재분류되지 않는항목,기타포괄손익-공정가치측정지분상품 관련손익,-31516079235.0,-14414994500.0,38514654899.0,10879888086.0
38,ifrs-full_OtherComprehensiveIncomeNetOfTaxChangeInFairValueOfFinancialLiabilityAttributableToChangeInCreditRiskOfLiability,당기손익-공정가치측정지정금융부채 신용위험변동,"Other comprehensive income, net of tax, change in fair value of financial liability attributable to change in credit risk of liability",ifrs-full:StatementOfComprehensiveIncomeAbstract,기타포괄손익,후속적으로 당기손익으로 재분류되지 않는항목,당기손익-공정가치측정지정금융부채 신용위험변동,-1574929718.0,-679972580.0,348103331.0,-2183528591.0
39,dart_OtherComprehensiveIncomeNetOfTaxChangeInFairValueOfFinancialAssetsMeasuredAtFairValueThroughOtherComprehensiveIncome,기타포괄손익-공정가치측정채무상품 관련손익,"Other comprehensive income, net of tax, gains (losses) from debt instruments measured at fair value through other comprehensive income",ifrs-full:StatementOfComprehensiveIncomeAbstract,기타포괄손익,후속적으로 당기손익으로 재분류될 수 있는 항목,기타포괄손익-공정가치측정채무상품 관련손익,7595647993.0,47626254595.0,-32097426919.0,-28420468285.0
40,ifrs-full_OtherComprehensiveIncomeNetOfTaxExchangeDifferencesOnTranslation,해외사업환산손익,"Other comprehensive income, net of tax, exchange differences on translation of foreign operations",ifrs-full:StatementOfComprehensiveIncomeAbstract,기타포괄손익,후속적으로 당기손익으로 재분류될 수 있는 항목,해외사업환산손익,31169507462.0,3623987450.0,14304728746.0,14531843983.0
41,ifrs-full_ShareOfOtherComprehensiveIncomeOfAssociatesAndJointVenturesAccountedForUsingEquityMethodThatWillBeReclassifiedToProfitOrLossNetOfTax,지분법자본변동,"Changes in valuation of investment using the equity method, net of tax",ifrs-full:StatementOfComprehensiveIncomeAbstract,기타포괄손익,후속적으로 당기손익으로 재분류될 수 있는 항목,지분법자본변동,-2005055679.0,1047189496.0,-164961177.0,811968422.0
42,ifrs-full_ComprehensiveIncome,총포괄손익,Total comprehensive income,ifrs-full:StatementOfComprehensiveIncomeAbstract,총포괄손익,,,897963719916.0,578611051739.0,454319554501.0,960315119930.0
43,ifrs-full_ComprehensiveIncomeAttributableToOwnersOfParent,지배기업의 소유주에게 귀속되는 총포괄손익,"Comprehensive income, attributable to owners of parent",ifrs-full:StatementOfComprehensiveIncomeAbstract,총포괄손익,지배기업의 소유주에게 귀속되는 총포괄손익,,897963719916.0,578611051739.0,454319554501.0,960315119930.0
44,ifrs-full_ComprehensiveIncomeAttributableToNoncontrollingInterests,비지배지분에 귀속되는 총포괄손익,"Comprehensive income, attributable to non-controlling interests",ifrs-full:StatementOfComprehensiveIncomeAbstract,총포괄손익,비지배지분에 귀속되는 총포괄손익,,0.0,0.0,0.0,0.0
45,ifrs-full_BasicEarningsLossPerShare,기본주당순이익,Basic earnings (loss) per share,ifrs-full:StatementOfComprehensiveIncomeAbstract,지배기업소유주지분주당이익,기본주당순이익,,10068.0,6130.0,4730.0,10810.0
46,ifrs-full_DilutedEarningsLossPerShare,희석주당순이익,Diluted earnings (loss) per share,ifrs-full:StatementOfComprehensiveIncomeAbstract,지배기업소유주지분주당이익,희석주당순이익,,10068.0,6130.0,4730.0,10810.0
