,"[DS320000] 포괄손익계산서, 증권 - 연결 | Statement of Comprehensive Income, Securities Based - Consolidated financial statements (Unit: KRW)","[DS320000] 포괄손익계산서, 증권 - 연결 | Statement of Comprehensive Income, Securities Based - Consolidated financial statements (Unit: KRW)","[DS320000] 포괄손익계산서, 증권 - 연결 | Statement of Comprehensive Income, Securities Based - Consolidated financial statements (Unit: KRW)","[DS320000] 포괄손익계산서, 증권 - 연결 | Statement of Comprehensive Income, Securities Based - Consolidated financial statements (Unit: KRW)","[DS320000] 포괄손익계산서, 증권 - 연결 | Statement of Comprehensive Income, Securities Based - Consolidated financial statements (Unit: KRW)","[DS320000] 포괄손익계산서, 증권 - 연결 | Statement of Comprehensive Income, Securities Based - Consolidated financial statements (Unit: KRW)","[DS320000] 포괄손익계산서, 증권 - 연결 | Statement of Comprehensive Income, Securities Based - Consolidated financial statements (Unit: KRW)",20250101-20251231,20240101-20241231,20230101-20231231
,concept_id,label_ko,label_en,class0,class1,class2,class3,"('연결재무제표',)","('연결재무제표',)","('연결재무제표',)"
0,ifrs-full_Revenue,영업수익,Revenue,ifrs-full:StatementOfComprehensiveIncomeAbstract,영업수익,,,1694075188265.0,1652599784559.0,1647662690835.0
1,ifrs-full_FeeAndCommissionIncome,수수료수익,Fee and commission income,ifrs-full:StatementOfComprehensiveIncomeAbstract,수수료수익,,,203850133964.0,186162391506.0,192655435965.0
2,dart_GainFromFinancialInstrumentsAtFairValueThroughProfitOrLoss,당기손익-공정가치측정금융상품관련이익,Gain from financial instruments at fair value through profit or loss,ifrs-full:StatementOfComprehensiveIncomeAbstract,당기손익-공정가치측정금융상품관련이익,,,657210177655.0,554332527781.0,680413854896.0
3,dart_GainsOnTransactionOfDerivativeFinancialInstrumentsFinancialIncome,파생상품거래이익,Gains on transaction of derivative financial instruments financial income,ifrs-full:StatementOfComprehensiveIncomeAbstract,파생상품거래이익,,,494992193515.0,571358363224.0,476239861037.0
4,dart_GainFromFinancialInstrumentsAtAmortisedCost,상각후원가측정금융상품관련이익,Gain from financial instruments at amortised cost,ifrs-full:StatementOfComprehensiveIncomeAbstract,상각후원가측정금융상품관련이익,,,45041649.0,0.0,0.0
5,ifrs-full_RevenueFromInterest,이자수익,Interest income,ifrs-full:StatementOfComprehensiveIncomeAbstract,이자수익,,,250915904219.0,270079106300.0,247996885014.0
6,ifrs-full_InterestIncomeOnFinancialAssetsDesignatedAtFairValueThroughProfitOrLoss,당기손익-공정가치측정금융자산이자수익,Interest income on financial assets designated at fair value through profit or loss,ifrs-full:StatementOfComprehensiveIncomeAbstract,이자수익,당기손익-공정가치측정금융자산이자수익,,161668467910.0,172957387177.0,147224412420.0
7,ifrs-full_InterestRevenueCalculatedUsingEffectiveInterestMethod,유효이자율적용이자수익,Interest revenue calculated using effective interest method,ifrs-full:StatementOfComprehensiveIncomeAbstract,이자수익,유효이자율적용이자수익,,89247436309.0,97121719123.0,100772472594.0
8,ifrs-full_ForeignExchangeGain,외환거래이익,Foreign exchange gain,ifrs-full:StatementOfComprehensiveIncomeAbstract,외환거래이익,,,40138037752.0,43470644032.0,27194156007.0
9,dart_OtherOperatingIncome,기타영업수익,Other operating income,ifrs-full:StatementOfComprehensiveIncomeAbstract,기타영업수익,,,46923699511.0,27196751716.0,23162497916.0
10,ifrs-full_OperatingExpense,영업비용,Operating expense,ifrs-full:StatementOfComprehensiveIncomeAbstract,영업비용,,,1609634295030.0,1594261642401.0,1620623315978.0
11,ifrs-full_FeeAndCommissionExpense,수수료비용,Fee and commission expense,ifrs-full:StatementOfComprehensiveIncomeAbstract,수수료비용,,,33467322863.0,28063695977.0,31286757440.0
12,dart_LossFromFinancialInstrumentsAtFairValueThroughProfitOrLoss,당기손익-공정가치측정금융상품관련손실,Loss from financial instruments at fair value through profit or loss,ifrs-full:StatementOfComprehensiveIncomeAbstract,당기손익-공정가치측정금융상품관련손실,,,545685434309.0,534214568961.0,645804765500.0
13,dart_LossesOnTransactionOfDerivativeFinancialInstrumentsFinancialExpense,파생상품거래손실,Losses on transaction of derivative financial instruments financial expense,ifrs-full:StatementOfComprehensiveIncomeAbstract,파생상품거래손실,,,484222492508.0,545606955657.0,444648063021.0
14,dart_LossFromFinancialInstrumentsAtAmortisedCost,상각후원가측정금융상품관련손실,Loss from financial instruments at amortised cost,ifrs-full:StatementOfComprehensiveIncomeAbstract,상각후원가측정금융상품관련손실,,,10808225199.0,5187057984.0,33444917849.0
15,ifrs-full_InterestExpense,이자비용,Interest expense,ifrs-full:StatementOfComprehensiveIncomeAbstract,이자비용,,,158405772972.0,188585192814.0,184238088254.0
16,ifrs-full_ForeignExchangeLoss,외환거래손실,Foreign exchange loss,ifrs-full:StatementOfComprehensiveIncomeAbstract,외환거래손실,,,41997524644.0,29363657175.0,24244919260.0
17,ifrs-full_SellingGeneralAndAdministrativeExpense,판매비와관리비,"Selling, general and administrative expense",ifrs-full:StatementOfComprehensiveIncomeAbstract,판매비와관리비,,,284730082555.0,250884105782.0,247105274590.0
18,dart_OtherOperatingExpense,기타영업비용,Other operating expense,ifrs-full:StatementOfComprehensiveIncomeAbstract,기타영업비용,,,50317439980.0,12356408051.0,9850530064.0
19,ifrs-full_ProfitLossFromOperatingActivities,영업이익(손실),Profit (loss) from operating activities,ifrs-full:StatementOfComprehensiveIncomeAbstract,영업이익(손실),,,84440893235.0,58338142158.0,27039374857.0
20,dart_NonOperatingIncome,영업외수익,Non-operating Income,ifrs-full:StatementOfComprehensiveIncomeAbstract,영업외수익,,,2672696873.0,6065025491.0,8640677757.0
21,dart_NonOperatingExpense,영업외비용,Non-operating expense,ifrs-full:StatementOfComprehensiveIncomeAbstract,영업외비용,,,3598112959.0,1440636303.0,1970009497.0
22,ifrs-full_ProfitLossBeforeTax,법인세비용차감전순이익(손실),Profit (loss) before tax,ifrs-full:StatementOfComprehensiveIncomeAbstract,법인세비용차감전순이익(손실),,,83515477149.0,62962531346.0,33710043117.0
23,ifrs-full_IncomeTaxExpenseContinuingOperations,법인세비용(수익),Tax expense (income),ifrs-full:StatementOfComprehensiveIncomeAbstract,법인세비용(수익),,,18977212972.0,13343202030.0,3013567869.0
24,ifrs-full_ProfitLoss,당기순이익(손실),Profit (loss),ifrs-full:StatementOfComprehensiveIncomeAbstract,당기순이익(손실),,,64538264177.0,49619329316.0,30696475248.0
25,ifrs-full_ProfitLossAttributableToOwnersOfParent,지배기업지분순이익,"Profit (loss), attributable to owners of parent",ifrs-full:StatementOfComprehensiveIncomeAbstract,지배기업지분순이익,,,64538264177.0,49619329316.0,30696475248.0
26,ifrs-full_ProfitLossAttributableToNoncontrollingInterests,비지배지분순이익,"Profit (loss), attributable to non-controlling interests",ifrs-full:StatementOfComprehensiveIncomeAbstract,비지배지분순이익,,,0.0,0.0,0.0
27,ifrs-full_OtherComprehensiveIncome,기타포괄손익,Other comprehensive income,ifrs-full:StatementOfComprehensiveIncomeAbstract,기타포괄손익,,,25740371867.0,-4637524468.0,11074553695.0
28,ifrs-full_OtherComprehensiveIncomeNetOfTaxGainsLossesFromInvestmentsInEquityInstruments,기타포괄손익-공정가치측정금융상품평가손익,"Other comprehensive income, net of tax, gains (losses) from investments in equity instruments",ifrs-full:StatementOfComprehensiveIncomeAbstract,기타포괄손익,후속적으로당기손익으로재분류되지않는항목,기타포괄손익-공정가치측정금융상품평가손익,26496052525.0,-6825711589.0,8913562667.0
29,ifrs-full_OtherComprehensiveIncomeNetOfTaxChangeInFairValueOfFinancialLiabilityAttributableToChangeInCreditRiskOfLiability,당기손익-공정가치인식지정금융부채 신용위험변동손익,"Other comprehensive income, net of tax, change in fair value of financial liability attributable to change in credit risk of liability",ifrs-full:StatementOfComprehensiveIncomeAbstract,기타포괄손익,후속적으로당기손익으로재분류되지않는항목,당기손익-공정가치인식지정금융부채 신용위험변동손익,-1061776941.0,1581207148.0,2065151064.0
30,ifrs-full_ShareOfOtherComprehensiveIncomeOfAssociatesAndJointVenturesAccountedForUsingEquityMethodThatWillNotBeReclassifiedToProfitOrLossNetOfTax,지분법자본변동,"Share of other comprehensive income of associates and joint ventures accounted for using equity method that will not be reclassified to profit or loss, net of tax",ifrs-full:StatementOfComprehensiveIncomeAbstract,기타포괄손익,후속적으로당기손익으로재분류되지않는항목,지분법자본변동,22971202.0,-1772189.0,-4578284.0
31,ifrs-full_ShareOfOtherComprehensiveIncomeOfAssociatesAndJointVenturesAccountedForUsingEquityMethodThatWillBeReclassifiedToProfitOrLossNetOfTax,지분법자본변동,"Share of other comprehensive income of associates and joint ventures accounted for using equity method that will be reclassified to profit or loss, net of tax",ifrs-full:StatementOfComprehensiveIncomeAbstract,기타포괄손익,후속적으로당기손익으로재분류되는항목,지분법자본변동,283125081.0,608752162.0,100418248.0
32,ifrs-full_ComprehensiveIncome,X. 총포괄손익,Comprehensive income,ifrs-full:StatementOfComprehensiveIncomeAbstract,X. 총포괄손익,,,90278636044.0,44981804848.0,41771028943.0
33,ifrs-full_ComprehensiveIncomeAttributableToOwnersOfParent,지배기업지분총포괄손익,"Comprehensive income, attributable to owners of parent",ifrs-full:StatementOfComprehensiveIncomeAbstract,X. 총포괄손익,지배기업지분총포괄손익,,90278636044.0,44981804848.0,41771028943.0
34,ifrs-full_ComprehensiveIncomeAttributableToNoncontrollingInterests,비지배지분총포괄손익,"Comprehensive income, attributable to non-controlling interests",ifrs-full:StatementOfComprehensiveIncomeAbstract,X. 총포괄손익,비지배지분총포괄손익,,0.0,0.0,0.0
35,ifrs-full_BasicEarningsLossPerShare,기본주당이익(손실),Basic earnings (loss) per share,ifrs-full:StatementOfComprehensiveIncomeAbstract,주당이익(손실),기본주당이익(손실),,703.0,540.0,334.0
36,ifrs-full_DilutedEarningsLossPerShare,희석주당이익(손실),Diluted earnings (loss) per share,ifrs-full:StatementOfComprehensiveIncomeAbstract,주당이익(손실),희석주당이익(손실),,703.0,540.0,334.0
