,"[DX220000] 재무상태표, 기타 - 연결 | Statement of Financial Position, Others - Consolidated financial statements (Unit: KRW)","[DX220000] 재무상태표, 기타 - 연결 | Statement of Financial Position, Others - Consolidated financial statements (Unit: KRW)","[DX220000] 재무상태표, 기타 - 연결 | Statement of Financial Position, Others - Consolidated financial statements (Unit: KRW)","[DX220000] 재무상태표, 기타 - 연결 | Statement of Financial Position, Others - Consolidated financial statements (Unit: KRW)","[DX220000] 재무상태표, 기타 - 연결 | Statement of Financial Position, Others - Consolidated financial statements (Unit: KRW)","[DX220000] 재무상태표, 기타 - 연결 | Statement of Financial Position, Others - Consolidated financial statements (Unit: KRW)","[DX220000] 재무상태표, 기타 - 연결 | Statement of Financial Position, Others - Consolidated financial statements (Unit: KRW)","[DX220000] 재무상태표, 기타 - 연결 | Statement of Financial Position, Others - Consolidated financial statements (Unit: KRW)",20241231,20231231,20221231,20211231
,concept_id,label_ko,label_en,class0,class1,class2,class3,class4,"('연결재무제표',)","('연결재무제표',)","('연결재무제표',)","('연결재무제표',)"
0,dart_CashAndDuefromBanks,현금및예치금,Cash and bank equivalents,재무상태표 [개요],자산 [개요],현금및예치금,,,1080936989649.0,1882659256003.0,1734229884086.0,1469723504922.0
1,entity00126292_SecuritiesOfAssetsAbstract,유가증권,Securities,재무상태표 [개요],자산 [개요],유가증권,,,1035549311356.0,950452360055.0,384647785923.0,477701038957.0
2,dart_LoansAtAmortisedCost,신용판매자산,Credit purchase assets,재무상태표 [개요],자산 [개요],신용판매자산,,,18362795823379.0,17622287143814.0,18650508835212.0,16738950006937.0
3,dart_OtherFinancialAssetsAtAmortisedCost,금융상품자산,Loan receivable assets,재무상태표 [개요],자산 [개요],금융상품자산,,,6778509929522.0,6304412758628.0,6595728256034.0,6484587847134.0
4,dart_InstallmentFinancialAssets,할부금융자산,Installment financial assets,재무상태표 [개요],자산 [개요],할부금융자산,,,360120527998.0,435602051520.0,569826115545.0,359671079395.0
5,ifrs-full_FinanceLeaseReceivables,금융리스채권,Finance lease receivables,재무상태표 [개요],자산 [개요],금융리스채권,,,29799984369.0,50773154927.0,75021391662.0,107943179543.0
6,dart_LeasedAssets,운용리스자산,Property on operating lease,재무상태표 [개요],자산 [개요],운용리스자산,,,426569746781.0,356226304672.0,326415310021.0,373562185324.0
7,ifrs-full_InvestmentsInSubsidiariesJointVenturesAndAssociates,관계기업투자주식,Investments in associates,재무상태표 [개요],자산 [개요],관계기업투자주식,,,14038519159.0,10632086937.0,9473024351.0,732858081.0
8,ifrs-full_PropertyPlantAndEquipment,유형자산,Property and equipment,재무상태표 [개요],자산 [개요],유형자산,,,25883783457.0,29796332351.0,28875022924.0,24276580055.0
9,ifrs-full_IntangibleAssetsOtherThanGoodwill,무형자산,Intangible assets,재무상태표 [개요],자산 [개요],무형자산,,,118662575983.0,122638725906.0,121076593151.0,103081816183.0
10,ifrs-full_RightofuseAssets,사용권자산,Right-of-use assets,재무상태표 [개요],자산 [개요],사용권자산,,,28524957968.0,32119954687.0,42280570921.0,28108083917.0
11,ifrs-full_DerivativeFinancialAssets,파생상품자산,Derivative instrument assets,재무상태표 [개요],자산 [개요],파생상품자산,,,468796030841.0,184261149205.0,215744364701.0,101840960884.0
12,ifrs-full_CurrentTaxAssets,당기법인세자산,Current tax assets,재무상태표 [개요],자산 [개요],당기법인세자산,,,0.0,541715955.0,336106058.0,27888285.0
13,ifrs-full_DeferredTaxAssets,이연법인세자산,Deferred tax assets,재무상태표 [개요],자산 [개요],이연법인세자산,,,78789132883.0,68407983055.0,49879658895.0,50018902906.0
14,ifrs-full_RecognisedAssetsDefinedBenefitPlan,순확정급여자산,Net defined benefit asset,재무상태표 [개요],자산 [개요],순확정급여자산,,,17550649414.0,29595192205.0,40541255606.0,2378535665.0
15,ifrs-full_OtherFinancialAssets,기타금융자산,Other financial assets,재무상태표 [개요],자산 [개요],기타금융자산,,,425436155241.0,407982772148.0,388307723402.0,519125912341.0
16,ifrs-full_OtherNonfinancialAssets,기타자산,Other non-financial assets,재무상태표 [개요],자산 [개요],기타자산,,,242118733904.0,318144771307.0,390300974709.0,302456621494.0
17,ifrs-full_Assets,자산총계,Total assets,재무상태표 [개요],자산 [개요],자산총계,,,29494082851904.0,28806533713375.0,29623192873201.0,27144187002023.0
18,ifrs-full_LoansReceived,차입금,Borrowings,재무상태표 [개요],자본과 부채 [개요],부채 [개요],차입금,,2800000000000.0,3565000000000.0,4000000000000.0,1900000000000.0
19,ifrs-full_BondsIssued,사채,Debentures,재무상태표 [개요],자본과 부채 [개요],부채 [개요],사채,,15619334988561.0,14054788058521.0,14541316392531.0,14762749543861.0
20,entity00126292_DeferredRevenueForPointProgramOfLiabilitiesAbstract,포인트이연수익,Deferred revenue for point program,재무상태표 [개요],자본과 부채 [개요],부채 [개요],포인트이연수익,,175424571010.0,180113875939.0,154514555631.0,150838928113.0
21,ifrs-full_Provisions,충당부채,Provisions,재무상태표 [개요],자본과 부채 [개요],부채 [개요],충당부채,,205201813071.0,227702440333.0,299414666944.0,277732646482.0
22,ifrs-full_LeaseLiabilities,리스부채,Lease liabilities,재무상태표 [개요],자본과 부채 [개요],부채 [개요],리스부채,,27737385029.0,31592501851.0,42373023932.0,28212301079.0
23,ifrs-full_DerivativeFinancialLiabilities,파생상품부채,Derivative instrument liabilities,재무상태표 [개요],자본과 부채 [개요],부채 [개요],파생상품부채,,2605044681.0,20726533495.0,32026200858.0,21914108359.0
24,ifrs-full_CurrentTaxLiabilities,당기법인세부채,Current tax liabilities,재무상태표 [개요],자본과 부채 [개요],부채 [개요],당기법인세부채,,127678306703.0,94127548877.0,126184987271.0,152697485730.0
25,ifrs-full_OtherFinancialLiabilities,기타금융부채,Other financial liabilities,재무상태표 [개요],자본과 부채 [개요],부채 [개요],기타금융부채,,1738780798343.0,2220274506430.0,2275107757862.0,2070088514640.0
26,ifrs-full_OtherNonfinancialLiabilities,기타부채,Other non-financial liabilities,재무상태표 [개요],자본과 부채 [개요],부채 [개요],기타부채,,311139009741.0,276317686127.0,262728693841.0,266680631389.0
27,ifrs-full_Liabilities,부채총계,Total liabilities,재무상태표 [개요],자본과 부채 [개요],부채 [개요],부채총계,,21007901917139.0,20670643151573.0,21733666278870.0,19630914159653.0
28,ifrs-full_EquityAttributableToOwnersOfParent,지배주주지분,Equity attributable to owners of parent,재무상태표 [개요],자본과 부채 [개요],자본 [개요],지배주주지분,,8486180934765.0,8135890561802.0,7889526594331.0,7513272842370.0
29,ifrs-full_IssuedCapital,자본금,Share capital,재무상태표 [개요],자본과 부채 [개요],자본 [개요],지배주주지분,자본금,614794455000.0,614794455000.0,614794455000.0,614794455000.0
30,ifrs-full_AdditionalPaidinCapital,기타불입자본,Additional paid-in capital,재무상태표 [개요],자본과 부채 [개요],자본 [개요],지배주주지분,기타불입자본,1537968436223.0,1537968436223.0,1537968436223.0,1537968436223.0
31,dart_ElementsOfOtherStockholdersEquity,기타자본구성요소,Other components of equity,재무상태표 [개요],자본과 부채 [개요],자본 [개요],지배주주지분,기타자본구성요소,111929017693.0,147039265695.0,229400708168.0,233988694063.0
32,ifrs-full_RetainedEarnings,이익잉여금,Retained earnings,재무상태표 [개요],자본과 부채 [개요],자본 [개요],지배주주지분,이익잉여금,6221489025849.0,5836088404884.0,5507362994940.0,5126521257084.0
33,ifrs-full_NoncontrollingInterests,비지배지분,Non-controlling interests,재무상태표 [개요],자본과 부채 [개요],자본 [개요],비지배지분,,0.0,0.0,0.0,0.0
34,ifrs-full_Equity,자본총계,Total equity,재무상태표 [개요],자본과 부채 [개요],자본 [개요],자본총계,,8486180934765.0,8135890561802.0,7889526594331.0,7513272842370.0
35,ifrs-full_EquityAndLiabilities,자본과부채총계,Total equity and liabilities,재무상태표 [개요],자본과 부채 [개요],자본과부채총계,,,29494082851904.0,28806533713375.0,29623192873201.0,27144187002023.0
