,"[DB520000] 현금흐름표, 은행 - 연결 | Statement of Cash Flows, Deposit Based - Consolidated financial statements (Unit: KRW)","[DB520000] 현금흐름표, 은행 - 연결 | Statement of Cash Flows, Deposit Based - Consolidated financial statements (Unit: KRW)","[DB520000] 현금흐름표, 은행 - 연결 | Statement of Cash Flows, Deposit Based - Consolidated financial statements (Unit: KRW)","[DB520000] 현금흐름표, 은행 - 연결 | Statement of Cash Flows, Deposit Based - Consolidated financial statements (Unit: KRW)","[DB520000] 현금흐름표, 은행 - 연결 | Statement of Cash Flows, Deposit Based - Consolidated financial statements (Unit: KRW)","[DB520000] 현금흐름표, 은행 - 연결 | Statement of Cash Flows, Deposit Based - Consolidated financial statements (Unit: KRW)","[DB520000] 현금흐름표, 은행 - 연결 | Statement of Cash Flows, Deposit Based - Consolidated financial statements (Unit: KRW)",20240101-20241231,20230101-20231231,20220101-20221231,20210101-20211231
,concept_id,label_ko,label_en,class0,class1,class2,class3,"('연결재무제표',)","('연결재무제표',)","('연결재무제표',)","('연결재무제표',)"
0,ifrs-full_CashFlowsFromUsedInOperatingActivities,영업활동으로 인한 순현금흐름,Cash flows from (used in) operating activities,ifrs-full:StatementOfCashFlowsAbstract,영업활동현금흐름,영업활동으로 인한 순현금흐름,,-19717432000000.0,-2319950000000.0,-14852402000000.0,-234747000000.0
1,ifrs-full_ProfitLoss,연결당기순이익,Profit (loss),ifrs-full:StatementOfCashFlowsAbstract,영업활동현금흐름,영업활동으로 인한 순현금흐름,연결당기순이익,2654338000000.0,2675188000000.0,2674730000000.0,2425941000000.0
2,ifrs-full_AdjustmentsForReconcileProfitLoss,비용 및 수익의 조정,Adjustments to reconcile profit (loss),ifrs-full:StatementOfCashFlowsAbstract,영업활동현금흐름,영업활동으로 인한 순현금흐름,비용 및 수익의 조정,-5150795000000.0,-5049328000000.0,-4259716000000.0,-4380981000000.0
3,dart_AdjustmentsForAssetsLiabilitiesOfOperatingActivities,영업활동으로 인한 자산부채의 변동,Adjustments for assets and liabilities of operating activities,ifrs-full:StatementOfCashFlowsAbstract,영업활동현금흐름,영업활동으로 인한 순현금흐름,영업활동으로 인한 자산부채의 변동,-24732924000000.0,-7720295000000.0,-19721947000000.0,-3818173000000.0
4,ifrs-full_InterestReceivedClassifiedAsOperatingActivities,이자의 수취,"Interest received, classified as operating activities",ifrs-full:StatementOfCashFlowsAbstract,영업활동현금흐름,영업활동으로 인한 순현금흐름,이자의 수취,18977998000000.0,17974975000000.0,12183939000000.0,8484774000000.0
5,ifrs-full_InterestPaidClassifiedAsOperatingActivities,이자의 지급,"Interest paid, classified as operating activities",ifrs-full:StatementOfCashFlowsAbstract,영업활동현금흐름,영업활동으로 인한 순현금흐름,이자의 지급,-10869411000000.0,-9309330000000.0,-5030202000000.0,-2716219000000.0
6,ifrs-full_DividendsReceivedClassifiedAsOperatingActivities,배당금 수입,"Dividends received, classified as operating activities",ifrs-full:StatementOfCashFlowsAbstract,영업활동현금흐름,영업활동으로 인한 순현금흐름,배당금 수입,327711000000.0,310849000000.0,258917000000.0,257291000000.0
7,ifrs-full_IncomeTaxesPaidRefundClassifiedAsOperatingActivities,법인세 납부,"Income taxes paid (refund), classified as operating activities",ifrs-full:StatementOfCashFlowsAbstract,영업활동현금흐름,영업활동으로 인한 순현금흐름,법인세 납부,-924349000000.0,-1202009000000.0,-958123000000.0,-487380000000.0
8,ifrs-full_CashFlowsFromUsedInInvestingActivities,투자활동으로 인한 순현금흐름,Cash flows from (used in) investing activities,ifrs-full:StatementOfCashFlowsAbstract,투자활동현금흐름,투자활동으로 인한 순현금흐름,,-4168877000000.0,-635780000000.0,-6554423000000.0,-10641429000000.0
9,dart_PurchaseOfFairValueFinancialAsset,당기손익금융자산 증가,Purchase of fair value financial asset,ifrs-full:StatementOfCashFlowsAbstract,투자활동현금흐름,투자활동으로 인한 순현금흐름,당기손익금융자산 증가,-49943498000000.0,-37654317000000.0,-40976199000000.0,-35135444000000.0
10,dart_ProceedsFromSalesOfFairValueFinancialAsset,당기손익금융자산 감소,Proceeds from sales of fair value financial asset,ifrs-full:StatementOfCashFlowsAbstract,투자활동현금흐름,투자활동으로 인한 순현금흐름,당기손익금융자산 감소,48255072000000.0,36628577000000.0,40679995000000.0,34284932000000.0
11,dart_PurchaseOfFinancialAssetsAtFairValueThroughOtherComprehensiveIncome,기타포괄손익금융자산 증가,Purchase of financial assets at fair value through other comprehensive income,ifrs-full:StatementOfCashFlowsAbstract,투자활동현금흐름,투자활동으로 인한 순현금흐름,기타포괄손익금융자산 증가,-34048685000000.0,-32527319000000.0,-20254978000000.0,-21522168000000.0
12,dart_ProceedsFromSalesOfFinancialAssetsAtFairValueThroughOtherComprehensiveIncome,기타포괄손익금융자산 감소,Proceeds from sales of financial assets at fair value through other comprehensive income,ifrs-full:StatementOfCashFlowsAbstract,투자활동현금흐름,투자활동으로 인한 순현금흐름,기타포괄손익금융자산 감소,31454376000000.0,29148753000000.0,16775530000000.0,16446508000000.0
13,dart_PurchaseOfFinancialAssetsAtAmortisedCostClassifiedAsInvestingActivities,상각후원가유가증권 증가,Purchase of financial assets at amortised cost classified as investing activities,ifrs-full:StatementOfCashFlowsAbstract,투자활동현금흐름,투자활동으로 인한 순현금흐름,상각후원가유가증권 증가,-11641526000000.0,-9829978000000.0,-15799956000000.0,-13940332000000.0
14,dart_ProceedsFromSalesOfFinancialAssetsAtAmortisedCostClassifiedAsInvestingActivities,상각후원가유가증권 감소,Proceeds from sale of financial assets at amortised cost classified as investing activities,ifrs-full:StatementOfCashFlowsAbstract,투자활동현금흐름,투자활동으로 인한 순현금흐름,상각후원가유가증권 감소,12425888000000.0,13971307000000.0,13345452000000.0,9765024000000.0
15,ifrs-full_ProceedsFromSalesOfInterestsInAssociates,관계기업투자의 처분,Proceeds from sales of interests in associates,ifrs-full:StatementOfCashFlowsAbstract,투자활동현금흐름,투자활동으로 인한 순현금흐름,관계기업투자의 처분,273394000000.0,193631000000.0,209111000000.0,142180000000.0
16,ifrs-full_PurchaseOfInterestsInAssociates,관계기업투자의 취득,Purchase of interests in associates,ifrs-full:StatementOfCashFlowsAbstract,투자활동현금흐름,투자활동으로 인한 순현금흐름,관계기업투자의 취득,-501273000000.0,-300218000000.0,-321399000000.0,-486419000000.0
17,entity00149646_ProceedsFromSalesOfInvestmentPropertyAndPropertyPlantAndEquipmentOfCashFlowsFromUsedInInvestingActivities,투자부동산 및 유형자산의 처분,"Proceeds from sales of investment property and property, plant and equipment",ifrs-full:StatementOfCashFlowsAbstract,투자활동현금흐름,투자활동으로 인한 순현금흐름,투자부동산 및 유형자산의 처분,5992000000.0,30169000000.0,8519000000.0,6417000000.0
18,entity00149646_PurchaseOfInvestmentPropertyAndPropertyPlantAndEquipmentOfCashFlowsFromUsedInInvestingActivities,투자부동산 및 유형자산의 취득,"Purchase of investment property and property, plant and equipment",ifrs-full:StatementOfCashFlowsAbstract,투자활동현금흐름,투자활동으로 인한 순현금흐름,투자부동산 및 유형자산의 취득,-322866000000.0,-192407000000.0,-157943000000.0,-151782000000.0
19,ifrs-full_ProceedsFromSalesOfIntangibleAssetsClassifiedAsInvestingActivities,무형자산의 처분,Proceeds from sales of intangible assets,ifrs-full:StatementOfCashFlowsAbstract,투자활동현금흐름,투자활동으로 인한 순현금흐름,무형자산의 처분,4571000000.0,6016000000.0,1053000000.0,3750000000.0
20,ifrs-full_PurchaseOfIntangibleAssetsClassifiedAsInvestingActivities,무형자산의 취득,Purchase of intangible assets,ifrs-full:StatementOfCashFlowsAbstract,투자활동현금흐름,투자활동으로 인한 순현금흐름,무형자산의 취득,-130322000000.0,-109994000000.0,-63915000000.0,-54095000000.0
21,ifrs-full_ProceedsFromGovernmentGrantsClassifiedAsInvestingActivities,정부보조금 수취,"Proceeds from government grants, classified as investing activities",ifrs-full:StatementOfCashFlowsAbstract,투자활동현금흐름,투자활동으로 인한 순현금흐름,정부보조금 수취,0.0,0.0,307000000.0,0.0
22,ifrs-full_CashFlowsFromUsedInFinancingActivities,재무활동으로 인한 순현금흐름,Cash flows from (used in) financing activities,ifrs-full:StatementOfCashFlowsAbstract,재무활동현금흐름,재무활동으로 인한 순현금흐름,,12849844000000.0,6404562000000.0,28710261000000.0,17117762000000.0
23,entity00149646_IncreaseDecreaseInBorrowingsOfCashFlowsFromUsedInFinancingActivities,차입부채의 순증가(감소),Increase (decrease) in borrowings,ifrs-full:StatementOfCashFlowsAbstract,재무활동현금흐름,재무활동으로 인한 순현금흐름,차입부채의 순증가(감소),3176324000000.0,-8348574000000.0,6118966000000.0,4971460000000.0
24,ifrs-full_ProceedsFromIssueOfBondsNotesAndDebentures,사채의 증가,"Proceeds from issue of bonds, notes and debentures",ifrs-full:StatementOfCashFlowsAbstract,재무활동현금흐름,재무활동으로 인한 순현금흐름,사채의 증가,220871487000000.0,212487409000000.0,204353260000000.0,145183137000000.0
25,ifrs-full_RepaymentsOfBondsNotesAndDebentures,사채의 감소,"Repayments of bonds, notes and debentures",ifrs-full:StatementOfCashFlowsAbstract,재무활동현금흐름,재무활동으로 인한 순현금흐름,사채의 감소,-210438959000000.0,-197259291000000.0,-181001062000000.0,-132952471000000.0
26,ifrs-full_PaymentsOfLeaseLiabilitiesClassifiedAsFinancingActivities,리스부채의 상환,"Payments of lease liabilities, classified as financing activities",ifrs-full:StatementOfCashFlowsAbstract,재무활동현금흐름,재무활동으로 인한 순현금흐름,리스부채의 상환,-82477000000.0,-80693000000.0,-82004000000.0,-74508000000.0
27,ifrs-full_IncreaseDecreaseThroughConversionOfConvertibleInstruments,전환우선주의 보통주 전환,"Increase (decrease) through conversion of convertible instruments, equity",ifrs-full:StatementOfCashFlowsAbstract,재무활동현금흐름,재무활동으로 인한 순현금흐름,전환우선주의 보통주 전환,0.0,0.0,-57000000.0,0.0
28,dart_CashInflowFromIssuanceOfHybridBond,신종자본증권 발행,Cash inflow from issuance of hybrid bond,ifrs-full:StatementOfCashFlowsAbstract,재무활동현금흐름,재무활동으로 인한 순현금흐름,신종자본증권 발행,499377000000.0,998360000000.0,599040000000.0,499200000000.0
29,dart_CashOutflowForRepaymentOfHybridBond,신종자본증권 상환,Cash outflow for repayment of hybrid bond,ifrs-full:StatementOfCashFlowsAbstract,재무활동현금흐름,재무활동으로 인한 순현금흐름,신종자본증권 상환,-219901000000.0,-479889000000.0,-524170000000.0,-60000000000.0
30,dart_DividendsPaidToHybridBond,신종자본증권 분배금,Dividends paid to hybrid bond,ifrs-full:StatementOfCashFlowsAbstract,재무활동현금흐름,재무활동으로 인한 순현금흐름,신종자본증권 분배금,-170269000000.0,-145981000000.0,-128851000000.0,-122331000000.0
31,ifrs-full_DividendsPaidClassifiedAsFinancingActivities,배당금 지급,"Dividends paid, classified as financing activities",ifrs-full:StatementOfCashFlowsAbstract,재무활동현금흐름,재무활동으로 인한 순현금흐름,배당금 지급,-785738000000.0,-766779000000.0,-624861000000.0,-375645000000.0
32,ifrs-full_IncreaseDecreaseInCashAndCashEquivalentsBeforeEffectOfExchangeRateChanges,환율변동효과 반영전 현금 및 현금성자산의 증가(감소),Increase (decrease) in cash and cash equivalents before effect of exchange rate changes,ifrs-full:StatementOfCashFlowsAbstract,환율변동효과 반영전 현금 및 현금성자산의 증가(감소),,,-11036465000000.0,3448832000000.0,7303436000000.0,6241586000000.0
33,ifrs-full_EffectOfExchangeRateChangesOnCashAndCashEquivalents,외화표시 현금 및 현금성자산에 대한 환율변동효과,Effect of exchange rate changes on cash and cash equivalents,ifrs-full:StatementOfCashFlowsAbstract,외화표시 현금 및 현금성자산에 대한 환율변동효과,외화표시 현금 및 현금성자산에 대한 환율변동효과,,819806000000.0,11260000000.0,21817000000.0,331930000000.0
34,ifrs-full_IncreaseDecreaseInCashAndCashEquivalents,현금 및 현금성자산의 순증가(감소),Increase (decrease) in cash and cash equivalents after effect of exchange rate changes,ifrs-full:StatementOfCashFlowsAbstract,현금 및 현금성자산의 순증가(감소),,,-10216659000000.0,3460092000000.0,7325253000000.0,6573516000000.0
35,dart_CashAndCashEquivalentsAtBeginningOfPeriodCf,기초의 현금 및 현금성자산,Cash and cash equivalents at beginning of period,ifrs-full:StatementOfCashFlowsAbstract,기초의 현금 및 현금성자산,,,26711282000000.0,23251190000000.0,15925937000000.0,9193920000000.0
36,ifrs-full_CashAndCashEquivalents,기말의 현금 및 현금성자산,Cash and cash equivalents,ifrs-full:StatementOfCashFlowsAbstract,기말의 현금 및 현금성자산,,,16494623000000.0,26711282000000.0,23251190000000.0,15767436000000.0
