,"[DI220000] 재무상태표, 보험 - 연결 | Statement of Financial Position, Insurance Based - Consolidated financial statements (Unit: KRW)","[DI220000] 재무상태표, 보험 - 연결 | Statement of Financial Position, Insurance Based - Consolidated financial statements (Unit: KRW)","[DI220000] 재무상태표, 보험 - 연결 | Statement of Financial Position, Insurance Based - Consolidated financial statements (Unit: KRW)","[DI220000] 재무상태표, 보험 - 연결 | Statement of Financial Position, Insurance Based - Consolidated financial statements (Unit: KRW)","[DI220000] 재무상태표, 보험 - 연결 | Statement of Financial Position, Insurance Based - Consolidated financial statements (Unit: KRW)","[DI220000] 재무상태표, 보험 - 연결 | Statement of Financial Position, Insurance Based - Consolidated financial statements (Unit: KRW)","[DI220000] 재무상태표, 보험 - 연결 | Statement of Financial Position, Insurance Based - Consolidated financial statements (Unit: KRW)","[DI220000] 재무상태표, 보험 - 연결 | Statement of Financial Position, Insurance Based - Consolidated financial statements (Unit: KRW)","[DI220000] 재무상태표, 보험 - 연결 | Statement of Financial Position, Insurance Based - Consolidated financial statements (Unit: KRW)",20241231,20231231,20221231,20211231
,concept_id,label_ko,label_en,class0,class1,class2,class3,class4,class5,"('연결재무제표',)","('연결재무제표',)","('연결재무제표',)","('연결재무제표',)"
0,dart_CashAndDuefromBanks,현금및예치금,Cash and due from banks,ifrs-full:StatementOfFinancialPositionAbstract,자산 [개요],현금및예치금,,,,3107104185506.0,1741176013308.0,1519118624646.0,1733734341558.0
1,ifrs-full_FinancialAssetsAtFairValueThroughProfitOrLoss,당기손익-공정가치측정금융자산,Financial assets at fair value through profit or loss,ifrs-full:StatementOfFinancialPositionAbstract,자산 [개요],당기손익-공정가치측정금융자산,,,,11459303124473.0,10351505449649.0,0.0,0.0
2,entity00139214_Financialassetsatfairvaluethroughprofitorlossinaccordancewithias39OfAssetsAbstract,당기손익인식금융자산,FinancialAssetsAtFairValueThroughProfitOrLossInAccordanceWithIAS39,ifrs-full:StatementOfFinancialPositionAbstract,자산 [개요],당기손익인식금융자산,,,,0.0,0.0,3076783053814.0,1989586385800.0
3,ifrs-full_FinancialAssetsAtFairValueThroughOtherComprehensiveIncome,기타포괄손익-공정가치측정금융자산,Financial assets at fair value through other comprehensive income,ifrs-full:StatementOfFinancialPositionAbstract,자산 [개요],기타포괄손익-공정가치측정금융자산,,,,37024626419611.0,37733033569686.0,0.0,0.0
4,ifrs-full_FinancialAssetsAvailableforsale,매도가능금융자산,Financial assets available-for-sale,ifrs-full:StatementOfFinancialPositionAbstract,자산 [개요],매도가능금융자산,,,,0.0,0.0,36995024135306.0,44912034859785.0
5,dart_SecuritiesAtAmortisedCost,상각후원가측정유가증권,Securities at amortised cost,ifrs-full:StatementOfFinancialPositionAbstract,자산 [개요],상각후원가측정유가증권,,,,1725492518801.0,1721733611389.0,0.0,0.0
6,ifrs-full_HeldtomaturityInvestments,만기보유금융자산,Held-to-maturity investments,ifrs-full:StatementOfFinancialPositionAbstract,자산 [개요],만기보유금융자산,,,,0.0,0.0,6699782296358.0,175638129035.0
7,dart_LoansAtAmortisedCost,상각후원가측정대출채권,Loans at amortised cost,ifrs-full:StatementOfFinancialPositionAbstract,자산 [개요],상각후원가측정대출채권,,,,27067564623753.0,27822027734369.0,0.0,0.0
8,entity00139214_LoansOfAssetsAbstract,대출채권,Loans,ifrs-full:StatementOfFinancialPositionAbstract,자산 [개요],대출채권,,,,0.0,0.0,26748867157104.0,27245717119885.0
9,dart_OtherFinancialAssetsAtAmortisedCost,상각후원가측정기타수취채권,Other financial assets at amortised cost,ifrs-full:StatementOfFinancialPositionAbstract,자산 [개요],상각후원가측정기타수취채권,,,,890298131341.0,838545271660.0,0.0,0.0
10,entity00139214_OtherReceivablesOfAssetsAbstract,기타수취채권,Other Receivables,ifrs-full:StatementOfFinancialPositionAbstract,자산 [개요],기타수취채권,,,,0.0,0.0,828438845970.0,1312886311915.0
11,ifrs-full_InvestmentAccountedForUsingEquityMethod,관계(공동)기업투자,Investments accounted for using equity method,ifrs-full:StatementOfFinancialPositionAbstract,자산 [개요],관계(공동)기업투자,,,,701492239373.0,604619443743.0,567459050851.0,287860458102.0
12,ifrs-full_DerivativeFinancialAssets,파생상품자산,Derivative financial assets,ifrs-full:StatementOfFinancialPositionAbstract,자산 [개요],파생상품자산,,,,57965735211.0,129293692723.0,172626810546.0,23528420742.0
13,ifrs-full_InsuranceContractsIssuedThatAreAssets,보험계약자산,Insurance contracts issued that are assets,ifrs-full:StatementOfFinancialPositionAbstract,자산 [개요],보험계약자산,,,,6525358.0,2660233.0,92337482.0,0.0
14,ifrs-full_ReinsuranceContractsHeldThatAreAssets,재보험계약자산,Reinsurance contracts held that are assets,ifrs-full:StatementOfFinancialPositionAbstract,자산 [개요],재보험계약자산,,,,1692330830086.0,1576478336230.0,1627353799851.0,1153837042703.0
15,ifrs-full_InvestmentProperty,투자부동산,Investment property,ifrs-full:StatementOfFinancialPositionAbstract,자산 [개요],투자부동산,,,,1586786850469.0,1227113241267.0,1242328693773.0,919737714879.0
16,ifrs-full_PropertyPlantAndEquipment,유형자산,"Property, plant and equipment",ifrs-full:StatementOfFinancialPositionAbstract,자산 [개요],유형자산,,,,1360394828787.0,613906903728.0,600327496550.0,791132418675.0
17,ifrs-full_IntangibleAssetsAndGoodwill,무형자산,Intangible assets and goodwill,ifrs-full:StatementOfFinancialPositionAbstract,자산 [개요],무형자산,,,,247033329245.0,265280989359.0,246635349668.0,224304003426.0
18,ifrs-full_RightofuseAssets,리스사용권자산,Right-of-use assets,ifrs-full:StatementOfFinancialPositionAbstract,자산 [개요],리스사용권자산,,,,109735930899.0,153434543445.0,170816488097.0,0.0
19,ifrs-full_RecognisedAssetsDefinedBenefitPlan,순확정급여자산,Net defined benefit asset,ifrs-full:StatementOfFinancialPositionAbstract,자산 [개요],순확정급여자산,,,,85733796333.0,137145937753.0,203506295942.0,77670948436.0
20,ifrs-full_CurrentTaxAssets,당기법인세자산,Current tax assets,ifrs-full:StatementOfFinancialPositionAbstract,자산 [개요],당기법인세자산,,,,1804965798.0,135903060.0,2329409939.0,1060657624.0
21,ifrs-full_DeferredTaxAssets,이연법인세자산,Deferred tax assets,ifrs-full:StatementOfFinancialPositionAbstract,자산 [개요],이연법인세자산,,,,18659648664.0,15594457599.0,6181809654.0,40523724369.0
22,ifrs-full_OtherNonfinancialAssets,기타자산,Other non-financial assets,ifrs-full:StatementOfFinancialPositionAbstract,자산 [개요],기타자산,,,,133158857081.0,88002230220.0,88338779488.0,2470114414080.0
23,ifrs-full_Assets,자산총계,Assets,ifrs-full:StatementOfFinancialPositionAbstract,자산 [개요],자산총계,,,,87269492540789.0,85019029989421.0,80796010435039.0,94934011110452.0
24,ifrs-full_InsuranceContractsIssuedThatAreLiabilities,보험계약부채,Insurance contracts issued that are liabilities,ifrs-full:StatementOfFinancialPositionAbstract,자본과 부채 [개요],부채 [개요],보험계약부채,,,51787661054843.0,51776856117331.0,51737521733546.0,60876109429118.0
25,ifrs-full_ReinsuranceContractsHeldThatAreLiabilities,재보험계약부채,Reinsurance contracts held that are liabilities,ifrs-full:StatementOfFinancialPositionAbstract,자본과 부채 [개요],부채 [개요],재보험계약부채,,,0.0,0.0,0.0,0.0
26,ifrs-full_FinancialLiabilitiesAtAmortisedCost,상각후원가측정금융부채,Financial liabilities at amortised cost,ifrs-full:StatementOfFinancialPositionAbstract,자본과 부채 [개요],부채 [개요],상각후원가측정금융부채,,,15344067961673.0,13236155487685.0,13853813515974.0,1889758901294.0
27,ifrs-full_LeaseLiabilities,리스부채,Lease liabilities,ifrs-full:StatementOfFinancialPositionAbstract,자본과 부채 [개요],부채 [개요],리스부채,,,104357044160.0,149108400334.0,171528641479.0,0.0
28,ifrs-full_DerivativeFinancialLiabilities,파생상품부채,Derivative financial liabilities,ifrs-full:StatementOfFinancialPositionAbstract,자본과 부채 [개요],부채 [개요],파생상품부채,,,1062261645017.0,343482972584.0,273449808519.0,229760951294.0
29,ifrs-full_Provisions,충당부채,Provisions,ifrs-full:StatementOfFinancialPositionAbstract,자본과 부채 [개요],부채 [개요],충당부채,,,59337479803.0,69317804279.0,67910651274.0,68178365551.0
30,ifrs-full_CurrentTaxLiabilities,당기법인세부채,Current tax liabilities,ifrs-full:StatementOfFinancialPositionAbstract,자본과 부채 [개요],부채 [개요],당기법인세부채,,,260526829325.0,25911395922.0,266780694560.0,174722131579.0
31,ifrs-full_DeferredTaxLiabilities,이연법인세부채,Deferred tax liabilities,ifrs-full:StatementOfFinancialPositionAbstract,자본과 부채 [개요],부채 [개요],이연법인세부채,,,2210904492691.0,2528918581667.0,1231871240384.0,2735203404157.0
32,ifrs-full_OtherNonfinancialLiabilities,기타부채,Other non-financial liabilities,ifrs-full:StatementOfFinancialPositionAbstract,자본과 부채 [개요],부채 [개요],기타부채,,,838161287137.0,744880948182.0,669661434452.0,611047248480.0
33,ifrs-full_Liabilities,부채총계,Total liabilities,ifrs-full:StatementOfFinancialPositionAbstract,자본과 부채 [개요],부채 [개요],부채총계,,,71667277794649.0,68874631707984.0,68272537720188.0,79441679329735.0
34,ifrs-full_EquityAttributableToOwnersOfParent,지배기업지분,Equity attributable to owners of parent,ifrs-full:StatementOfFinancialPositionAbstract,자본과 부채 [개요],자본 [개요],지배기업지분,,,15567056119567.0,16114211783285.0,12495527784838.0,15467008869690.0
35,ifrs-full_IssuedCapital,자본금,Issued capital,ifrs-full:StatementOfFinancialPositionAbstract,자본과 부채 [개요],자본 [개요],지배기업지분,자본금,,26473418500.0,26473418500.0,26473418500.0,26473418500.0
36,dart_CapitalSurplus,연결자본잉여금,Capital surplus,ifrs-full:StatementOfFinancialPositionAbstract,자본과 부채 [개요],자본 [개요],지배기업지분,연결자본잉여금,,939233350327.0,939233350327.0,939233350327.0,939233350327.0
37,dart_CapitalAdjustments,연결자본조정,Capital adjustments,ifrs-full:StatementOfFinancialPositionAbstract,자본과 부채 [개요],자본 [개요],지배기업지분,연결자본조정,,-1487219924864.0,-1487219924864.0,-1487219924864.0,-1487219924864.0
38,ifrs-full_AccumulatedOtherComprehensiveIncome,연결기타포괄손익누계액,Accumulated other comprehensive income,ifrs-full:StatementOfFinancialPositionAbstract,자본과 부채 [개요],자본 [개요],지배기업지분,연결기타포괄손익누계액,,2418199564947.0,4356547263208.0,1971563588820.0,5717828814082.0
39,ifrs-full_RetainedEarnings,연결이익잉여금,Retained earnings,ifrs-full:StatementOfFinancialPositionAbstract,자본과 부채 [개요],자본 [개요],지배기업지분,연결이익잉여금,,13670369710657.0,12279177676114.0,11045477352055.0,10270693211645.0
40,dart_RegulatoryReserveForCreditLossToBeAddedReversed,대손준비금 적립(환입)예정액,Regulatory reserve for credit loss to be added (reversed),ifrs-full:StatementOfFinancialPositionAbstract,자본과 부채 [개요],자본 [개요],지배기업지분,연결이익잉여금,대손준비금 적립(환입)예정액,1002710649.0,-78169962883.0,-2757088566.0,0.0
41,dart_RegulatoryReserveForCreditLoss,대손준비금 기적립액,Regulatory reserve for credit loss,ifrs-full:StatementOfFinancialPositionAbstract,자본과 부채 [개요],자본 [개요],지배기업지분,연결이익잉여금,대손준비금 기적립액,169242891881.0,247412854764.0,250169943330.0,0.0
42,dart_CatastropheReserveToBeAdded,비상위험준비금 적립예정액,Catastrophe reserve to be added,ifrs-full:StatementOfFinancialPositionAbstract,자본과 부채 [개요],자본 [개요],지배기업지분,연결이익잉여금,비상위험준비금 적립예정액,171962625172.0,97132670661.0,111225771470.0,0.0
43,ifrs-full_ReserveForCatastrophe,비상위험준비금 기적립액,Catastrophe reserve,ifrs-full:StatementOfFinancialPositionAbstract,자본과 부채 [개요],자본 [개요],지배기업지분,연결이익잉여금,비상위험준비금 기적립액,2669398057523.0,2572265386862.0,2461039615392.0,0.0
44,dart_SurrenderValueReserveToBeAdded,해약환급금준비금 적립예정액,Surrender value reserve to be added,ifrs-full:StatementOfFinancialPositionAbstract,자본과 부채 [개요],자본 [개요],지배기업지분,연결이익잉여금,해약환급금준비금 적립예정액,1033087158943.0,1180012136359.0,0.0,0.0
45,dart_SurrenderValueReserve,해약환급금준비금 기적립액,Surrender value reserve,ifrs-full:StatementOfFinancialPositionAbstract,자본과 부채 [개요],자본 [개요],지배기업지분,연결이익잉여금,해약환급금준비금 기적립액,1180012136359.0,0.0,0.0,
46,ifrs-full_NoncontrollingInterests,비지배지분,Non-controlling interests,ifrs-full:StatementOfFinancialPositionAbstract,자본과 부채 [개요],자본 [개요],비지배지분,,,35158626573.0,30186498152.0,27944930013.0,25322911027.0
47,ifrs-full_Equity,자본총계,Total equity,ifrs-full:StatementOfFinancialPositionAbstract,자본과 부채 [개요],자본 [개요],자본총계,,,15602214746140.0,16144398281437.0,12523472714851.0,15492331780717.0
48,ifrs-full_EquityAndLiabilities,자본과부채총계,Total equity and liabilities,ifrs-full:StatementOfFinancialPositionAbstract,자본과 부채 [개요],자본과부채총계,,,,87269492540789.0,85019029989421.0,80796010435039.0,94934011110452.0
