,"[DB220000] 재무상태표, 은행 - 연결 | Statement of Financial Position, Deposit Based - Consolidated financial statements (Unit: KRW)","[DB220000] 재무상태표, 은행 - 연결 | Statement of Financial Position, Deposit Based - Consolidated financial statements (Unit: KRW)","[DB220000] 재무상태표, 은행 - 연결 | Statement of Financial Position, Deposit Based - Consolidated financial statements (Unit: KRW)","[DB220000] 재무상태표, 은행 - 연결 | Statement of Financial Position, Deposit Based - Consolidated financial statements (Unit: KRW)","[DB220000] 재무상태표, 은행 - 연결 | Statement of Financial Position, Deposit Based - Consolidated financial statements (Unit: KRW)","[DB220000] 재무상태표, 은행 - 연결 | Statement of Financial Position, Deposit Based - Consolidated financial statements (Unit: KRW)","[DB220000] 재무상태표, 은행 - 연결 | Statement of Financial Position, Deposit Based - Consolidated financial statements (Unit: KRW)","[DB220000] 재무상태표, 은행 - 연결 | Statement of Financial Position, Deposit Based - Consolidated financial statements (Unit: KRW)","[DB220000] 재무상태표, 은행 - 연결 | Statement of Financial Position, Deposit Based - Consolidated financial statements (Unit: KRW)",20241231,20231231,20221231,20211231
,concept_id,label_ko,label_en,class0,class1,class2,class3,class4,class5,"('연결재무제표',)","('연결재무제표',)","('연결재무제표',)","('연결재무제표',)"
0,dart_CashAndDuefromBanks,현금및예치금,Cash and due from banks,ifrs-full:StatementOfFinancialPositionAbstract,자산,현금및예치금,,,,18083041000000.0,28038761000000.0,26070593000000.0,19652416000000.0
1,ifrs-full_FinancialAssetsAtFairValueThroughProfitOrLoss,당기손익금융자산,Financial assets at fair value through profit or loss,ifrs-full:StatementOfFinancialPositionAbstract,자산,당기손익금융자산,,,,26358446000000.0,20347272000000.0,19831666000000.0,19136576000000.0
2,ifrs-full_FinancialAssetsAtFairValueThroughOtherComprehensiveIncome,기타포괄손익금융자산,Financial assets at fair value through other comprehensive income,ifrs-full:StatementOfFinancialPositionAbstract,자산,기타포괄손익금융자산,,,,32923993000000.0,29401005000000.0,25584877000000.0,22784632000000.0
3,dart_SecuritiesAtAmortisedCost,상각후원가유가증권,Securities at amortised cost,ifrs-full:StatementOfFinancialPositionAbstract,자산,상각후원가유가증권,,,,35423815000000.0,36226185000000.0,40317143000000.0,37887237000000.0
4,dart_LoansAtAmortisedCost,상각후원가대출채권,Loans at amortised cost,ifrs-full:StatementOfFinancialPositionAbstract,자산,상각후원가대출채권,,,,343900399000000.0,315882890000000.0,307831762000000.0,286938154000000.0
5,ifrs-full_DerivativeFinancialAssetsHeldForHedging,위험회피회계파생상품자산,Derivative financial assets held for hedging,ifrs-full:StatementOfFinancialPositionAbstract,자산,위험회피회계파생상품자산,,,,71829000000.0,82236000000.0,51799000000.0,43292000000.0
6,ifrs-full_InvestmentAccountedForUsingEquityMethod,관계기업투자,Investments accounted for using equity method,ifrs-full:StatementOfFinancialPositionAbstract,자산,관계기업투자,,,,2051729000000.0,1748764000000.0,1518957000000.0,1352215000000.0
7,ifrs-full_InvestmentProperty,투자부동산,Investment property,ifrs-full:StatementOfFinancialPositionAbstract,자산,투자부동산,,,,85958000000.0,82999000000.0,88512000000.0,57718000000.0
8,ifrs-full_PropertyPlantAndEquipment,유형자산,"Property, plant and equipment",ifrs-full:StatementOfFinancialPositionAbstract,자산,유형자산,,,,2479927000000.0,2248154000000.0,2156909000000.0,2170206000000.0
9,ifrs-full_IntangibleAssetsAndGoodwill,무형자산,Intangible assets and goodwill,ifrs-full:StatementOfFinancialPositionAbstract,자산,무형자산,,,,348175000000.0,296184000000.0,264197000000.0,268842000000.0
10,ifrs-full_RecognisedAssetsDefinedBenefitPlan,순확정급여자산,Net defined benefit asset,ifrs-full:StatementOfFinancialPositionAbstract,자산,순확정급여자산,,,,32777000000.0,178297000000.0,347981000000.0,94473000000.0
11,ifrs-full_DeferredTaxAssets,이연법인세자산,Deferred tax assets,ifrs-full:StatementOfFinancialPositionAbstract,자산,이연법인세자산,,,,101658000000.0,112215000000.0,101238000000.0,7248000000.0
12,ifrs-full_OtherAssets,기타자산,Other assets,ifrs-full:StatementOfFinancialPositionAbstract,자산,기타자산,,,,10358091000000.0,13782317000000.0,7020704000000.0,7334758000000.0
13,ifrs-full_Assets,자산총계,Total assets,ifrs-full:StatementOfFinancialPositionAbstract,자산,자산총계,,,,472219838000000.0,448427279000000.0,431186338000000.0,397727767000000.0
14,ifrs-full_FinancialLiabilitiesAtFairValueThroughProfitOrLoss,당기손익금융부채,Financial liabilities at fair value through profit or loss,ifrs-full:StatementOfFinancialPositionAbstract,부채와 자본,부채,당기손익금융부채,,,5454844000000.0,2876396000000.0,4860906000000.0,2583174000000.0
15,ifrs-full_FinancialLiabilitiesAtFairValueThroughProfitOrLossDesignatedAsUponInitialRecognition,당기손익인식지정금융부채,"Financial liabilities at fair value through profit or loss, designated upon initial recognition or subsequently",ifrs-full:StatementOfFinancialPositionAbstract,부채와 자본,부채,당기손익인식지정금융부채,,,1492476000000.0,1246091000000.0,780615000000.0,657755000000.0
16,ifrs-full_DepositsFromCustomers,예수부채,Deposits from customers,ifrs-full:StatementOfFinancialPositionAbstract,부채와 자본,부채,예수부채,,,158255737000000.0,154044994000000.0,155049836000000.0,158246290000000.0
17,ifrs-full_OtherBorrowings,차입부채,Other borrowings,ifrs-full:StatementOfFinancialPositionAbstract,부채와 자본,부채,차입부채,,,44777136000000.0,41239201000000.0,49423444000000.0,43191533000000.0
18,ifrs-full_BondsIssued,사채,Bonds issued,ifrs-full:StatementOfFinancialPositionAbstract,부채와 자본,부채,사채,,,193150753000000.0,181991789000000.0,166476705000000.0,143614755000000.0
19,ifrs-full_DerivativeFinancialLiabilitiesHeldForHedging,위험회피회계파생상품부채,Derivative financial liabilities held for hedging,ifrs-full:StatementOfFinancialPositionAbstract,부채와 자본,부채,위험회피회계파생상품부채,,,294848000000.0,230242000000.0,337773000000.0,110202000000.0
20,ifrs-full_InsuranceContractsIssuedThatAreLiabilities,보험계약부채,Insurance contracts issued that are liabilities,ifrs-full:StatementOfFinancialPositionAbstract,부채와 자본,부채,보험계약부채,,,7853354000000.0,7336963000000.0,7006478000000.0,5907077000000.0
21,ifrs-full_Provisions,충당부채,Provisions,ifrs-full:StatementOfFinancialPositionAbstract,부채와 자본,부채,충당부채,,,902199000000.0,1021228000000.0,716798000000.0,642200000000.0
22,ifrs-full_DeferredTaxLiabilities,이연법인세부채,Deferred tax liabilities,ifrs-full:StatementOfFinancialPositionAbstract,부채와 자본,부채,이연법인세부채,,,455690000000.0,288792000000.0,258846000000.0,525131000000.0
23,ifrs-full_OtherLiabilities,기타부채,Other liabilities,ifrs-full:StatementOfFinancialPositionAbstract,부채와 자본,부채,기타부채,,,25351710000000.0,26334822000000.0,17019008000000.0,14538115000000.0
24,ifrs-full_Liabilities,부채총계,Total liabilities,ifrs-full:StatementOfFinancialPositionAbstract,부채와 자본,부채,부채총계,,,437988747000000.0,416610518000000.0,401930409000000.0,370016232000000.0
25,ifrs-full_EquityAttributableToOwnersOfParent,지배기업 주주지분,Equity attributable to owners of parent,ifrs-full:StatementOfFinancialPositionAbstract,부채와 자본,자본,지배기업 주주지분,,,33946719000000.0,31656585000000.0,29093825000000.0,27565063000000.0
26,ifrs-full_IssuedCapital,자본금,Issued capital,ifrs-full:StatementOfFinancialPositionAbstract,부채와 자본,자본,지배기업 주주지분,자본금,,4211365000000.0,4211365000000.0,4211365000000.0,4211365000000.0
27,dart_HybridBonds,신종자본증권,Hybrid bonds,ifrs-full:StatementOfFinancialPositionAbstract,부채와 자본,자본,지배기업 주주지분,신종자본증권,,4313231000000.0,4133457000000.0,3614677000000.0,3499180000000.0
28,dart_CapitalSurplus,자본잉여금,Capital surplus,ifrs-full:StatementOfFinancialPositionAbstract,부채와 자본,자본,지배기업 주주지분,자본잉여금,,1170257000000.0,1178177000000.0,1174836000000.0,1171905000000.0
29,dart_CapitalAdjustments,자본조정,Capital adjustments,ifrs-full:StatementOfFinancialPositionAbstract,부채와 자본,자본,지배기업 주주지분,자본조정,,-275000000.0,-309000000.0,-40627000000.0,-92000000.0
30,ifrs-full_AccumulatedOtherComprehensiveIncome,기타포괄손익누계액,Accumulated other comprehensive income,ifrs-full:StatementOfFinancialPositionAbstract,부채와 자본,자본,지배기업 주주지분,기타포괄손익누계액,,659019000000.0,243950000000.0,-46648000000.0,428399000000.0
31,ifrs-full_RetainedEarnings,이익잉여금,Retained earnings,ifrs-full:StatementOfFinancialPositionAbstract,부채와 자본,자본,지배기업 주주지분,이익잉여금,,23593122000000.0,21889945000000.0,20180222000000.0,18254306000000.0
32,dart_RegulatoryReserveForCreditLoss,대손준비금 기 적립액,Regulatory reserve for credit loss,ifrs-full:StatementOfFinancialPositionAbstract,부채와 자본,자본,지배기업 주주지분,이익잉여금,대손준비금 기 적립액,3343810000000.0,3269778000000.0,2952630000000.0,2756940000000.0
33,dart_RegulatoryReserveForCreditLossToBeAddedReversed,대손준비금 적립예정금액,Regulatory reserve for credit loss to be added (reversed),ifrs-full:StatementOfFinancialPositionAbstract,부채와 자본,자본,지배기업 주주지분,이익잉여금,대손준비금 적립예정금액,223463000000.0,74032000000.0,317148000000.0,195690000000.0
34,ifrs-full_NoncontrollingInterests,비지배지분,Non-controlling interests,ifrs-full:StatementOfFinancialPositionAbstract,부채와 자본,자본,비지배지분,,,284372000000.0,160176000000.0,162104000000.0,146472000000.0
35,ifrs-full_Equity,자본총계,Total equity,ifrs-full:StatementOfFinancialPositionAbstract,부채와 자본,자본,자본총계,,,34231091000000.0,31816761000000.0,29255929000000.0,27711535000000.0
36,ifrs-full_EquityAndLiabilities,부채와자본총계,Equity and liabilities,ifrs-full:StatementOfFinancialPositionAbstract,부채와 자본,부채와자본총계,,,,472219838000000.0,448427279000000.0,431186338000000.0,397727767000000.0
