,"[DI320000] 포괄손익계산서, 보험 - 연결 | Statement of Comprehensive Income, Insurance Based - Consolidated financial statements (Unit: KRW)","[DI320000] 포괄손익계산서, 보험 - 연결 | Statement of Comprehensive Income, Insurance Based - Consolidated financial statements (Unit: KRW)","[DI320000] 포괄손익계산서, 보험 - 연결 | Statement of Comprehensive Income, Insurance Based - Consolidated financial statements (Unit: KRW)","[DI320000] 포괄손익계산서, 보험 - 연결 | Statement of Comprehensive Income, Insurance Based - Consolidated financial statements (Unit: KRW)","[DI320000] 포괄손익계산서, 보험 - 연결 | Statement of Comprehensive Income, Insurance Based - Consolidated financial statements (Unit: KRW)","[DI320000] 포괄손익계산서, 보험 - 연결 | Statement of Comprehensive Income, Insurance Based - Consolidated financial statements (Unit: KRW)","[DI320000] 포괄손익계산서, 보험 - 연결 | Statement of Comprehensive Income, Insurance Based - Consolidated financial statements (Unit: KRW)",20240101-20241231,20230101-20231231,20220101-20221231,20210101-20211231
,concept_id,label_ko,label_en,class0,class1,class2,class3,"('연결재무제표',)","('연결재무제표',)","('연결재무제표',)","('연결재무제표',)"
0,ifrs-full_InsuranceServiceResult,보험손익,Insurance service result,ifrs-full:StatementOfComprehensiveIncomeAbstract,보험손익,,,1818315960226.0,1936082397269.0,1538847546478.0,-660287177128.0
1,dart_OperatingIncomeInsurance,보험영업수익,"Operating income, insurance",ifrs-full:StatementOfComprehensiveIncomeAbstract,보험손익,보험영업수익,,17823215032495.0,17020053932407.0,16040470822479.0,21255457261252.0
2,ifrs-full_InsuranceRevenue,보험수익,Insurance revenue,ifrs-full:StatementOfComprehensiveIncomeAbstract,보험손익,보험영업수익,보험수익,17276463586462.0,16485954618894.0,15221298979669.0,0.0
3,ifrs-full_IncomeFromAmountsRecoveredFromReinsurer,재보험수익,Income from amounts recovered from reinsurer,ifrs-full:StatementOfComprehensiveIncomeAbstract,보험손익,보험영업수익,재보험수익,519692202895.0,511054343427.0,799592366011.0,0.0
4,entity00139214_OtherOperatingIncomeOfOperatingIncomeInsurance,기타영업수익,Other Operating Income,ifrs-full:StatementOfComprehensiveIncomeAbstract,보험손익,보험영업수익,기타영업수익,27059243138.0,23044970086.0,19579476799.0,0.0
5,dart_OperatingExpenseInsurance,보험영업비용,"Operating expense, insurance",ifrs-full:StatementOfComprehensiveIncomeAbstract,보험손익,보험영업비용,,16004899072269.0,15083971535138.0,14501623276001.0,21915744438380.0
6,ifrs-full_InsuranceServiceExpensesFromInsuranceContractsIssued,보험서비스비용,Insurance service expenses from insurance contracts issued,ifrs-full:StatementOfComprehensiveIncomeAbstract,보험손익,보험영업비용,보험서비스비용,14508652781004.0,13481857455155.0,13068412032420.0,0.0
7,ifrs-full_ExpensesFromAllocationOfPremiumsPaidToReinsurer,재보험비용,Expenses from allocation of premiums paid to reinsurer,ifrs-full:StatementOfComprehensiveIncomeAbstract,보험손익,보험영업비용,재보험비용,1266732386990.0,1215565892787.0,1018793822858.0,0.0
8,dart_OtherOperatingExpenseInsurance,기타사업비용,"Other operating expense, insurance",ifrs-full:StatementOfComprehensiveIncomeAbstract,보험손익,보험영업비용,기타사업비용,229513904275.0,386548187196.0,414417420723.0,0.0
9,dart_InvestmentIncomeExpenses,투자손익,Investment income expenses,ifrs-full:StatementOfComprehensiveIncomeAbstract,투자손익,,,831280727807.0,421201020216.0,505811439306.0,2122044482443.0
10,ifrs-full_InvestmentIncome,투자영업수익,Investment income,ifrs-full:StatementOfComprehensiveIncomeAbstract,투자손익,투자영업수익,,4833752628172.0,3804653397761.0,3570826903192.0,2897738061264.0
11,dart_InsuranceFinanceIncomeFromInsuranceContractsIssuedRecognisedInProfitOrLoss,보험금융수익,Insurance finance income from insurance contracts issued recognised in profit or loss,ifrs-full:StatementOfComprehensiveIncomeAbstract,투자손익,투자영업수익,보험금융수익,136583506117.0,184156479643.0,227002766714.0,0.0
12,dart_FinanceIncomeFromReinsuranceContractsHeldRecognisedInProfitOrLoss,재보험금융수익,Finance income from reinsurance contracts held recognised in profit or loss,ifrs-full:StatementOfComprehensiveIncomeAbstract,투자손익,투자영업수익,재보험금융수익,123319808363.0,99347473035.0,116730118599.0,0.0
13,ifrs-full_RevenueFromInterest,이자수익,Interest income,ifrs-full:StatementOfComprehensiveIncomeAbstract,투자손익,투자영업수익,이자수익,2251532693274.0,2104556761339.0,1968099509678.0,1740569291765.0
14,ifrs-full_RevenueFromDividends,배당금수익,Dividend income,ifrs-full:StatementOfComprehensiveIncomeAbstract,투자손익,투자영업수익,배당금수익,160102542257.0,144145216088.0,366888574376.0,465437962374.0
15,dart_GainFromFinancialInstrumentsAtFairValueThroughProfitOrLoss,당기손익-공정가치측정금융상품관련이익,Gain from financial instruments at fair value through profit or loss,ifrs-full:StatementOfComprehensiveIncomeAbstract,투자손익,투자영업수익,당기손익-공정가치측정금융상품관련이익,401996359453.0,310803758083.0,0.0,0.0
16,entity00139214_GainsFromFairValueFinancialAssetOfInvestmentIncome,당기손익인식금융자산관련이익,Gains From Fair Value Financial Asset,ifrs-full:StatementOfComprehensiveIncomeAbstract,투자손익,투자영업수익,당기손익인식금융자산관련이익,0.0,0.0,60558210464.0,0.0
17,dart_GainFromFinancialInstrumentsAtFairValueThroughOtherComprehensiveIncome,기타포괄손익-공정가치측정금융상품관련이익,Gain from financial instruments at fair value through other comprehensive income,ifrs-full:StatementOfComprehensiveIncomeAbstract,투자손익,투자영업수익,기타포괄손익-공정가치측정금융상품관련이익,13760378182.0,11894002036.0,0.0,0.0
18,entity00139214_GainsFromAvailableForSaleFinancialAssetsOfInvestmentIncome,매도가능금융자산관련이익,Gains From Available For Sale Financial Assets,ifrs-full:StatementOfComprehensiveIncomeAbstract,투자손익,투자영업수익,매도가능금융자산관련이익,0.0,0.0,126771671358.0,0.0
19,dart_GainArisingFromDerecognitionOfFinancialInstrumentsMeasuredAtAmortisedCost,상각후원가측정금융상품제거이익,Gain arising from derecognition of financial instruments measured at amortisedCost,ifrs-full:StatementOfComprehensiveIncomeAbstract,투자손익,투자영업수익,상각후원가측정금융상품제거이익,1076311082.0,1209843317.0,0.0,0.0
20,entity00139214_GainslossesonloansandreceivablesOfInvestmentIncome,대출채권및기타수취채권관련이익,GainsLossesOnLoansAndReceivables,ifrs-full:StatementOfComprehensiveIncomeAbstract,투자손익,투자영업수익,대출채권및기타수취채권관련이익,0.0,0.0,45719855.0,0.0
21,dart_GainFromDerivatives,파생상품거래및평가이익,Gain from derivatives,ifrs-full:StatementOfComprehensiveIncomeAbstract,투자손익,투자영업수익,파생상품거래및평가이익,25897178997.0,138196612419.0,164058439834.0,30081285620.0
22,dart_ReversalsOfImpairmentLossesOfFinancialAssets,신용손실충당금 환입액,Reversals of impairment losses of financial assets,ifrs-full:StatementOfComprehensiveIncomeAbstract,투자손익,투자영업수익,신용손실충당금 환입액,19600625965.0,38553440397.0,0.0,0.0
23,entity00139214_ReversalsOfImpairmentLossesOfInvestmentIncome,손상차손환입액,Reversals Of Impairment Losses,ifrs-full:StatementOfComprehensiveIncomeAbstract,투자손익,투자영업수익,손상차손환입액,0.0,0.0,66118534.0,320370118.0
24,ifrs-full_ForeignExchangeGain,외환거래이익,Foreign exchange gain,ifrs-full:StatementOfComprehensiveIncomeAbstract,투자손익,투자영업수익,외환거래이익,1130852906213.0,368531824596.0,425886942392.0,358505606683.0
25,dart_OtherOperatingIncomeInvestment,기타투자수익,"Other operating income, investment",ifrs-full:StatementOfComprehensiveIncomeAbstract,투자손익,투자영업수익,기타투자수익,569030318269.0,403257986808.0,114718831388.0,86356052467.0
26,dart_OperatingExpenseInvestment,투자영업비용,"Operating expense, investment",ifrs-full:StatementOfComprehensiveIncomeAbstract,투자손익,투자영업비용,,4002471900365.0,3383452377545.0,3065015463886.0,775693578821.0
27,dart_InsuranceFinanceExpensesFromInsuranceContractsIssuedRecognisedInProfitOrLoss,보험금융비용,Insurance finance expenses from insurance contracts issued recognised in profit or loss,ifrs-full:StatementOfComprehensiveIncomeAbstract,투자손익,투자영업비용,보험금융비용,1548588796799.0,1601510630133.0,1797570170003.0,0.0
28,dart_FinanceExpensesFromReinsuranceContractsHeldRecognisedInProfitOrLoss,재보험금융비용,Finance expenses from reinsurance contracts held recognised in profit or loss,ifrs-full:StatementOfComprehensiveIncomeAbstract,투자손익,투자영업비용,재보험금융비용,48762234094.0,53052301377.0,73969538618.0,0.0
29,ifrs-full_InterestExpense,이자비용,Interest expense,ifrs-full:StatementOfComprehensiveIncomeAbstract,투자손익,투자영업비용,이자비용,457189081885.0,445160420333.0,301080534447.0,59175208865.0
30,dart_LossFromFinancialInstrumentsAtFairValueThroughProfitOrLoss,당기손익-공정가치측정금융상품관련손실,Loss from financial instruments at fair value through profit or loss,ifrs-full:StatementOfComprehensiveIncomeAbstract,투자손익,투자영업비용,당기손익-공정가치측정금융상품관련손실,244776950230.0,302106200680.0,0.0,0.0
31,entity00139214_LossesFromFairValueFinancialAssetOfOperatingExpenseInvestment,당기손익인식금융자산관련손실,Losses From Fair Value Financial Asset,ifrs-full:StatementOfComprehensiveIncomeAbstract,투자손익,투자영업비용,당기손익인식금융자산관련손실,0.0,0.0,47291774319.0,0.0
32,dart_LossFromFinancialInstrumentsAtFairValueThroughOtherComprehensiveIncome,기타포괄손익-공정가치측정금융상품관련손실,Loss from financial instruments at fair value through other comprehensive income,ifrs-full:StatementOfComprehensiveIncomeAbstract,투자손익,투자영업비용,기타포괄손익-공정가치측정금융상품관련손실,247170244500.0,278124544358.0,0.0,0.0
33,entity00139214_LossesFromAvailableForSaleFinancialAssetsOfOperatingExpenseInvestment,매도가능금융자산관련손실,Losses From Available For Sale Financial Assets,ifrs-full:StatementOfComprehensiveIncomeAbstract,투자손익,투자영업비용,매도가능금융자산관련손실,0.0,0.0,115549741092.0,0.0
34,dart_LossArisingFromDerecognitionOfFinancialInstrumentsMeasuredAtAmortisedCost,상각후원가측정금융상품제거손실,Loss arising from derecognition of financial instruments measured at amortisedCost,ifrs-full:StatementOfComprehensiveIncomeAbstract,투자손익,투자영업비용,상각후원가측정금융상품제거손실,879410066.0,726602764.0,0.0,0.0
35,entity00139214_LossesonloansandreceivablesOfOperatingExpenseInvestment,대출채권및기타수취채권관련손실,LossesOnLoansAndReceivables,ifrs-full:StatementOfComprehensiveIncomeAbstract,투자손익,투자영업비용,대출채권및기타수취채권관련손실,0.0,0.0,197687184.0,0.0
36,dart_LossesFromDerivatives,파생상품거래및평가손실,Losses from derivatives,ifrs-full:StatementOfComprehensiveIncomeAbstract,투자손익,투자영업비용,파생상품거래및평가손실,1069191135254.0,396854361987.0,351564673723.0,345196553393.0
37,dart_AdditionalImpairmentLossesOfFinancialAssets,신용손실충당금 전입액,Additional impairment losses of financial assets,ifrs-full:StatementOfComprehensiveIncomeAbstract,투자손익,투자영업비용,신용손실충당금 전입액,148821986569.0,19260655738.0,0.0,0.0
38,entity00139214_AdditionalImpairmentLossesOfOperatingExpenseInvestment,손상차손전입액,Additional Impairment Losses,ifrs-full:StatementOfComprehensiveIncomeAbstract,투자손익,투자영업비용,손상차손전입액,0.0,0.0,44305526969.0,56181111449.0
39,ifrs-full_SellingGeneralAndAdministrativeExpense,재산관리비,"Selling, general and administrative expense",ifrs-full:StatementOfComprehensiveIncomeAbstract,투자손익,투자영업비용,재산관리비,69059754856.0,63602364342.0,51565664699.0,168366996387.0
40,ifrs-full_ForeignExchangeLoss,외환거래손실,Foreign exchange loss,ifrs-full:StatementOfComprehensiveIncomeAbstract,투자손익,투자영업비용,외환거래손실,85914819167.0,147208905851.0,215843285637.0,54196340817.0
41,dart_OtherOperatingExpenseInvestment,기타투자비용,"Other operating expense, investment",ifrs-full:StatementOfComprehensiveIncomeAbstract,투자손익,투자영업비용,기타투자비용,82117486945.0,75845389982.0,66076867195.0,31926818906.0
42,ifrs-full_ProfitLossFromOperatingActivities,영업이익,Profit (loss) from operating activities,ifrs-full:StatementOfComprehensiveIncomeAbstract,영업이익,,,2649596688033.0,2357283417485.0,2044658985784.0,1506861736073.0
43,dart_NonOperatingIncome,영업외수익,Non-operating Income,ifrs-full:StatementOfComprehensiveIncomeAbstract,영업외수익,,,120178048768.0,118672950353.0,55894493080.0,24421580805.0
44,dart_NonOperatingExpense,영업외비용,Non-operating expense,ifrs-full:StatementOfComprehensiveIncomeAbstract,영업외비용,,,25225656084.0,29374611696.0,29736595218.0,30995273839.0
45,ifrs-full_ProfitLossBeforeTax,법인세비용차감전계속영업순이익,Profit (loss) before tax,ifrs-full:StatementOfComprehensiveIncomeAbstract,법인세비용차감전계속영업순이익,,,2744549080717.0,2446581756142.0,2070816883646.0,1500288043039.0
46,ifrs-full_IncomeTaxExpenseContinuingOperations,계속영업법인세비용,Tax expense (income),ifrs-full:StatementOfComprehensiveIncomeAbstract,계속영업법인세비용,,,667751367734.0,624967413095.0,533821155465.0,389003037160.0
47,ifrs-full_ProfitLossFromContinuingOperations,계속영업당기순이익,Profit (loss) from continuing operations,ifrs-full:StatementOfComprehensiveIncomeAbstract,계속영업당기순이익,,,2076797712983.0,1821614343047.0,1536995728181.0,1111285005879.0
48,ifrs-full_ProfitLossFromDiscontinuedOperations,세후중단영업손익,Profit (loss) from discontinued operations,ifrs-full:StatementOfComprehensiveIncomeAbstract,세후중단영업손익,,,0.0,0.0,89705832728.0,13425305328.0
49,ifrs-full_ProfitLoss,연결당기순이익,Profit (loss),ifrs-full:StatementOfComprehensiveIncomeAbstract,연결당기순이익,,,2076797712983.0,1821614343047.0,1626701560909.0,1124710311207.0
50,dart_AdjustedProfitLossNetOfRegulatoryReserveForCreditLoss,대손준비금 반영후 조정이익,"Adjusted profit (loss), net of regulatory reserve for credit loss",ifrs-full:StatementOfComprehensiveIncomeAbstract,연결당기순이익,대손준비금 반영후 조정이익,,2075795002334.0,1899784305930.0,1629458649475.0,1102587788630.0
51,dart_AdjustedProfitLossNetOfCapastropheReserve,비상위험준비금 반영후 조정이익,"Adjusted profit (loss), net of catastrophe reserve",ifrs-full:StatementOfComprehensiveIncomeAbstract,연결당기순이익,비상위험준비금 반영후 조정이익,,1904835087811.0,1724481672386.0,1515475789439.0,1012161774153.0
52,dart_AdjustedProfitLossNetOfSurrenderValueReserve,해약환급금준비금 반영후 조정이익,Adjusted profit loss net of surrender value reserve,ifrs-full:StatementOfComprehensiveIncomeAbstract,연결당기순이익,해약환급금준비금 반영후 조정이익,,1043710554040.0,641602206688.0,0.0,0.0
53,ifrs-full_OtherComprehensiveIncome,연결기타포괄손익,Other comprehensive income,ifrs-full:StatementOfComprehensiveIncomeAbstract,연결기타포괄손익,,,-1935688573917.0,2632490526672.0,-3772862083507.0,-1540854377190.0
54,ifrs-full_OtherComprehensiveIncomeThatWillNotBeReclassifiedToProfitOrLossNetOfTax,후속적으로 당기손익으로 재분류되지 않는 항목,"Other comprehensive income that will not be reclassified to profit or loss, net of tax",ifrs-full:StatementOfComprehensiveIncomeAbstract,연결기타포괄손익,후속적으로 당기손익으로 재분류되지 않는 항목,,-1668323667867.0,1478038619831.0,38184057381.0,-2394627051.0
55,ifrs-full_OtherComprehensiveIncomeThatWillBeReclassifiedToProfitOrLossNetOfTax,후속적으로 당기손익으로 재분류되는 항목,"Other comprehensive income that will be reclassified to profit or loss, net of tax",ifrs-full:StatementOfComprehensiveIncomeAbstract,연결기타포괄손익,후속적으로 당기손익으로 재분류되는 항목,,-267364906050.0,1154451906841.0,-3811046140888.0,-1538459750139.0
56,ifrs-full_ComprehensiveIncome,연결당기총포괄손익,Comprehensive income,ifrs-full:StatementOfComprehensiveIncomeAbstract,연결당기총포괄손익,,,141109139066.0,4454104869719.0,-2146160522598.0,-416144065983.0
57,ifrs-full_ProfitLossAttributableToOwnersOfParent,지배기업의 소유주에게 귀속되는 연결당기순이익,"Profit (loss), attributable to owners of parent",ifrs-full:StatementOfComprehensiveIncomeAbstract,연결당기순이익의 귀속,지배기업의 소유주에게 귀속되는 연결당기순이익,,2073571536369.0,1818433660138.0,1622986903060.0,1122218422074.0
58,ifrs-full_IncomeFromContinuingOperationsAttributableToOwnersOfParent,지배기업의 소유주에게 귀속될 계속영업순이익,Income from continuing operations attributable to owners of parent,ifrs-full:StatementOfComprehensiveIncomeAbstract,연결당기순이익의 귀속,지배기업의 소유주에게 귀속되는 연결당기순이익,지배기업의 소유주에게 귀속될 계속영업순이익,2073571536369.0,1818433660138.0,1533281070332.0,1108793116746.0
59,ifrs-full_IncomeFromDiscontinuedOperationsAttributableToOwnersOfParent,지배기업의 소유주에게 귀속될 중단영업손익,Income from discontinued operations attributable to owners of parent,ifrs-full:StatementOfComprehensiveIncomeAbstract,연결당기순이익의 귀속,지배기업의 소유주에게 귀속되는 연결당기순이익,지배기업의 소유주에게 귀속될 중단영업손익,0.0,0.0,89705832728.0,13425305328.0
60,ifrs-full_ProfitLossAttributableToNoncontrollingInterests,비지배지분에 귀속되는 연결당기순이익,"Profit (loss), attributable to non-controlling interests",ifrs-full:StatementOfComprehensiveIncomeAbstract,연결당기순이익의 귀속,비지배지분에 귀속되는 연결당기순이익,,3226176614.0,3180682909.0,3714657849.0,2491889133.0
61,ifrs-full_ProfitLossFromContinuingOperationsAttributableToNoncontrollingInterests,비지배지분에 귀속될 계속영업순이익,Profit (loss) from continuing operations attributable to non-controlling interests,ifrs-full:StatementOfComprehensiveIncomeAbstract,연결당기순이익의 귀속,비지배지분에 귀속되는 연결당기순이익,비지배지분에 귀속될 계속영업순이익,3226176614.0,3180682909.0,3714657849.0,2491889133.0
62,ifrs-full_ProfitLossFromDiscontinuedOperationsAttributableToNoncontrollingInterests,비지배지분에 귀속될 중단영업손익,Profit (loss) from discontinued operations attributable to non-controlling interests,ifrs-full:StatementOfComprehensiveIncomeAbstract,연결당기순이익의 귀속,비지배지분에 귀속되는 연결당기순이익,비지배지분에 귀속될 중단영업손익,0.0,0.0,0.0,0.0
63,ifrs-full_ComprehensiveIncomeAttributableToOwnersOfParent,지배기업의 소유주에게 귀속되는 연결총포괄손익,"Comprehensive income, attributable to owners of parent",ifrs-full:StatementOfComprehensiveIncomeAbstract,연결당기총포괄손익의 귀속,지배기업의 소유주에게 귀속되는 연결총포괄손익,,135223838108.0,4450891760042.0,-2149826817355.0,-420774296092.0
64,ifrs-full_ComprehensiveIncomeAttributableToNoncontrollingInterests,비지배지분에 귀속되는 연결총포괄손익,"Comprehensive income, attributable to non-controlling interests",ifrs-full:StatementOfComprehensiveIncomeAbstract,연결당기총포괄손익의 귀속,비지배지분에 귀속되는 연결총포괄손익,,5885300958.0,3213109677.0,3666294757.0,4630230109.0
65,ifrs-full_BasicEarningsLossPerShare,기본주당이익,Basic earnings (loss) per share,ifrs-full:StatementOfComprehensiveIncomeAbstract,연결주당이익,기본주당이익,,48779.0,42777.0,38179.0,26399.0
66,ifrs-full_DilutedEarningsLossPerShare,희석주당이익,Diluted earnings (loss) per share,ifrs-full:StatementOfComprehensiveIncomeAbstract,연결주당이익,희석주당이익,,48779.0,42777.0,38179.0,26399.0
67,ifrs-full_BasicEarningsLossPerShareFromContinuingOperations,기본주당계속영업이익,Basic earnings (loss) per share from continuing operations,ifrs-full:StatementOfComprehensiveIncomeAbstract,연결주당이익,기본주당계속영업이익,,48779.0,42777.0,36069.0,26083.0
68,ifrs-full_DilutedEarningsLossPerShareFromContinuingOperations,희석주당계속영업이익,Diluted earnings (loss) per share from continuing operations,ifrs-full:StatementOfComprehensiveIncomeAbstract,연결주당이익,희석주당계속영업이익,,48779.0,42777.0,36069.0,26083.0
