corp_name,사업부문,매출유형,품목,구체적용도,주요상표등,매출액(비율),부 문,주요 제품,매출액,비중,품 목,%,사용 용도,주요 상표 등,"('구 분', '구 분')","('매출유형', '매출유형')","('품목', '품목')","('구체적 용도', '구체적 용도')","('주요상표등', '주요상표등')","(""제30기('25.1.1.~12.31.)"", '매출액')","(""제30기('25.1.1.~12.31.)"", '비율')","(""제29기('24.1.1.~12.31.)"", '매출액')","(""제29기('24.1.1.~12.31.)"", '비율')","(""제28기('23.1.1.~12.31.)"", '매출액')","(""제28기('23.1.1.~12.31.)"", '비율')",구체적 용도,매출액 (비율),매출액 (비율)_1,매출액 (비율)_2,비 율,비율,"('사업부문', '사업부문')","('품 목', '품 목')","('구체적용도', '구체적용도')","('2025년', '매출액')","('2025년', '비율')","('2024년', '매출액')","('2024년', '비율')","('2023년', '매출액')","('2023년', '비율')",2025년(제9기),2025년(제9기)_1,2024년(제8기),2024년(제8기)_1,2023년(제7기),2023년(제7기)_1,"('2025년', '비중')","('2024년', '비중')","('2023년', '비중')",기간,제품명,용도 및 기능,매출액(백만원),비율(%),비고,제26기매출액(비율),"('사업구분', '사업구분')","('제25기', '매출액')","('제25기', '비율(%)')",구분,주요상품 등,제품군,제 31(당) 기,제 31(당) 기_1,제 30(전) 기,제 30(전) 기_1,사업구분,품목_1,2025년,2024년,2023년,제품 설명,"('품 목', '품 목.1')","('2025년', '매출액(비율)')","('2024년', '매출액(비율)')","('2023년', '매출액(비율)')",사업소,"('2025년 (제11기)', '금액')","('2025년 (제11기)', '비율')","('2024년 (제10기)', '금액')","('2024년 (제10기)', '비율')","('2023년 (제09기)', '금액')","('2023년 (제09기)', '비율')","('제품설명', '제품설명')","('구분', '구분')",품 목_1,당기,당기_1,전기,전기_1,주요제품,"('주요상표 등', '주요상표 등')","('제19기', '매출액')","('제19기', '비율(%)')",매출액_1,비율(%)_1,매출액_2,비율(%)_2,제27기,제27기_1,제26기,제26기_1,제25기,제25기_1,주요상표 등,"('사업연도', '품 목')","('사업연도', '구분')","('2025년(당기)', '2025년(당기)')","('2024년(제15기)', '2024년(제15기)')","('2023년 (제14기)', '2023년 (제14기)')","('2022년 (제13기)', '2022년 (제13기)')","('응용시장', '응용시장')","('제14기(2025년)', '매출액')","('제14기(2025년)', '비율')","('제13기(2024년)', '매출액')","('제13기(2024년)', '비율')","('제12기(2023년)', '매출액')","('제12기(2023년)', '비율')"
SK하이닉스,반도체 부문,제품 외,"DRAM, NAND Flash 등",산업용 전자기기,SK하이닉스,"97,146,675(100%)",,,,,,,,,,,,,,,,,,,,,,,,,,,,,,,,,,,,,,,,,,,,,,,,,,,,,,,,,,,,,,,,,,,,,,,,,,,,,,,,,,,,,,,,,,,,,,,,,,,,,,,,,,,,,,,,
SK하이닉스,합계,합계,합계,합계,합계,"97,146,675(100%)",,,,,,,,,,,,,,,,,,,,,,,,,,,,,,,,,,,,,,,,,,,,,,,,,,,,,,,,,,,,,,,,,,,,,,,,,,,,,,,,,,,,,,,,,,,,,,,,,,,,,,,,,,,,,,,,
삼성전자,,,,,,,DX 부문,"TV, 모니터, 냉장고, 세탁기, 에어컨,스마트폰, 네트워크시스템, PC 등",1879673,56.3%,,,,,,,,,,,,,,,,,,,,,,,,,,,,,,,,,,,,,,,,,,,,,,,,,,,,,,,,,,,,,,,,,,,,,,,,,,,,,,,,,,,,,,,,,,,,,,,,,,,,,,,,,,,,
삼성전자,,,,,,,DS 부문,"DRAM, NAND Flash, 모바일AP 등",1301282,39.0%,,,,,,,,,,,,,,,,,,,,,,,,,,,,,,,,,,,,,,,,,,,,,,,,,,,,,,,,,,,,,,,,,,,,,,,,,,,,,,,,,,,,,,,,,,,,,,,,,,,,,,,,,,,,
삼성전자,,,,,,,SDC,스마트폰용 OLED패널 등,298417,8.9%,,,,,,,,,,,,,,,,,,,,,,,,,,,,,,,,,,,,,,,,,,,,,,,,,,,,,,,,,,,,,,,,,,,,,,,,,,,,,,,,,,,,,,,,,,,,,,,,,,,,,,,,,,,,
삼성전자,,,,,,,Harman,"디지털 콕핏, 카오디오, 포터블 스피커 등",157833,4.7%,,,,,,,,,,,,,,,,,,,,,,,,,,,,,,,,,,,,,,,,,,,,,,,,,,,,,,,,,,,,,,,,,,,,,,,,,,,,,,,,,,,,,,,,,,,,,,,,,,,,,,,,,,,,
삼성전자,,,,,,,기타,부문간 내부거래 제거 등,"△301,146",△8.9%,,,,,,,,,,,,,,,,,,,,,,,,,,,,,,,,,,,,,,,,,,,,,,,,,,,,,,,,,,,,,,,,,,,,,,,,,,,,,,,,,,,,,,,,,,,,,,,,,,,,,,,,,,,,
삼성전자,,,,,,,총 계,총 계,3336059,100.00%,,,,,,,,,,,,,,,,,,,,,,,,,,,,,,,,,,,,,,,,,,,,,,,,,,,,,,,,,,,,,,,,,,,,,,,,,,,,,,,,,,,,,,,,,,,,,,,,,,,,,,,,,,,,
한미반도체,반도체장비,제품,,,HANMI,,,,487968,,반도체 제조용 장비 外,84.62,,,,,,,,,,,,,,,,,,,,,,,,,,,,,,,,,,,,,,,,,,,,,,,,,,,,,,,,,,,,,,,,,,,,,,,,,,,,,,,,,,,,,,,,,,,,,,,,,,,,,,,,,,
한미반도체,반도체장비,제품,,,HANMI,,,,88717,,Conversion Kit 등,15.38,,,,,,,,,,,,,,,,,,,,,,,,,,,,,,,,,,,,,,,,,,,,,,,,,,,,,,,,,,,,,,,,,,,,,,,,,,,,,,,,,,,,,,,,,,,,,,,,,,,,,,,,,,
한미반도체,반도체장비,계,,,계,,,,576685,,계,100.0,,,,,,,,,,,,,,,,,,,,,,,,,,,,,,,,,,,,,,,,,,,,,,,,,,,,,,,,,,,,,,,,,,,,,,,,,,,,,,,,,,,,,,,,,,,,,,,,,,,,,,,,,,
주성엔지니어링,전사,제품,반도체 장비태양전지 장비디스플레이 장비,,,"266,451(85.8%)",,,,,,,반도체 제조태양전지 제조디스플레이 제조,주성엔지니어링,,,,,,,,,,,,,,,,,,,,,,,,,,,,,,,,,,,,,,,,,,,,,,,,,,,,,,,,,,,,,,,,,,,,,,,,,,,,,,,,,,,,,,,,,,,,,,,,,,,,,,,,
주성엔지니어링,전사,상품,원부자재,,,"44,242(14.2%)",,,,,,,원부자재,-,,,,,,,,,,,,,,,,,,,,,,,,,,,,,,,,,,,,,,,,,,,,,,,,,,,,,,,,,,,,,,,,,,,,,,,,,,,,,,,,,,,,,,,,,,,,,,,,,,,,,,,,
리노공업,,,,,,,,,,,,,,,LEENO PIN &IC TEST SOCKET,제품,LEENOPIN 류,반도체나 인쇄회로기판의 전기적불량여부를 체크하는 소모성 부품,LEENO,87100284.0,23.38,75163559.0,27.02,70384864.0,27.54,,,,,,,,,,,,,,,,,,,,,,,,,,,,,,,,,,,,,,,,,,,,,,,,,,,,,,,,,,,,,,,,,,,,,,,,,,,,,,,,,,,,,,,,,,,,,
리노공업,,,,,,,,,,,,,,,LEENO PIN &IC TEST SOCKET,제품,IC TESTSOCKET 류,반도체(메모리 및 비메모리) 테스트PACKAGE용 장비의 소모성 부품,LEENO,243944034.0,65.48,171825929.0,61.77,157715500.0,61.71,,,,,,,,,,,,,,,,,,,,,,,,,,,,,,,,,,,,,,,,,,,,,,,,,,,,,,,,,,,,,,,,,,,,,,,,,,,,,,,,,,,,,,,,,,,,,
리노공업,,,,,,,,,,,,,,,LEENO PIN &IC TEST SOCKET,상품,기 타,기 타,-,138455.0,0.04,152765.0,0.05,162103.0,0.06,,,,,,,,,,,,,,,,,,,,,,,,,,,,,,,,,,,,,,,,,,,,,,,,,,,,,,,,,,,,,,,,,,,,,,,,,,,,,,,,,,,,,,,,,,,,,
리노공업,,,,,,,,,,,,,,,LEENO PIN &IC TEST SOCKET,소 계,소 계,소 계,소 계,331182773.0,88.9,247142253.0,88.84,228262467.0,89.31,,,,,,,,,,,,,,,,,,,,,,,,,,,,,,,,,,,,,,,,,,,,,,,,,,,,,,,,,,,,,,,,,,,,,,,,,,,,,,,,,,,,,,,,,,,,,
리노공업,,,,,,,,,,,,,,,의료기기,제품,의료기기부품류,초음파 프로브 등에 적용되는 부품,-,38137860.0,10.24,28440837.0,10.22,24734775.0,9.68,,,,,,,,,,,,,,,,,,,,,,,,,,,,,,,,,,,,,,,,,,,,,,,,,,,,,,,,,,,,,,,,,,,,,,,,,,,,,,,,,,,,,,,,,,,,,
리노공업,,,,,,,,,,,,,,,의료기기,상품,기 타,기 타,-,3213452.0,0.86,2603099.0,0.94,2575793.0,1.01,,,,,,,,,,,,,,,,,,,,,,,,,,,,,,,,,,,,,,,,,,,,,,,,,,,,,,,,,,,,,,,,,,,,,,,,,,,,,,,,,,,,,,,,,,,,,
리노공업,,,,,,,,,,,,,,,의료기기,소 계,소 계,소 계,소 계,41351312.0,11.1,31043936.0,11.16,27310568.0,10.69,,,,,,,,,,,,,,,,,,,,,,,,,,,,,,,,,,,,,,,,,,,,,,,,,,,,,,,,,,,,,,,,,,,,,,,,,,,,,,,,,,,,,,,,,,,,,
리노공업,,,,,,,,,,,,,,,합 계,합 계,합 계,합 계,합 계,372534085.0,100.0,278186189.0,100.0,255573035.0,100.0,,,,,,,,,,,,,,,,,,,,,,,,,,,,,,,,,,,,,,,,,,,,,,,,,,,,,,,,,,,,,,,,,,,,,,,,,,,,,,,,,,,,,,,,,,,,,
DB하이텍,,"제품,서비스",,신호처리용 Chip제조용 Wafer 외,,,,,1331736,95%,Wafer 등,,,,,,,,,,,,,,,,,,,,,,,,,,,,,,,,,,,,,,,,,,,,,,,,,,,,,,,,,,,,,,,,,,,,,,,,,,,,,,,,,,,,,,,,,,,,,,,,,,,,,,,,,,,
DB하이텍,,"서비스, 용역",,부동산 개발 및 골프장 운영,,,,,22435,2%,"그린피, 자산관리 등",,,,,,,,,,,,,,,,,,,,,,,,,,,,,,,,,,,,,,,,,,,,,,,,,,,,,,,,,,,,,,,,,,,,,,,,,,,,,,,,,,,,,,,,,,,,,,,,,,,,,,,,,,,
DB하이텍,,도급공사,,"아파트, 복합건축물 건축공사환경, 플랜트 도급공사 및 개발사업",,,,,2998,0%,건축/환경플랜드,,,,,,,,,,,,,,,,,,,,,,,,,,,,,,,,,,,,,,,,,,,,,,,,,,,,,,,,,,,,,,,,,,,,,,,,,,,,,,,,,,,,,,,,,,,,,,,,,,,,,,,,,,,
DB하이텍,,제품 등,,"FeMn(HC/MC/LC)SiMn, SiMn(LC),기타",,,,,40064,3%,합금철,,,,,,,,,,,,,,,,,,,,,,,,,,,,,,,,,,,,,,,,,,,,,,,,,,,,,,,,,,,,,,,,,,,,,,,,,,,,,,,,,,,,,,,,,,,,,,,,,,,,,,,,,,,
DB하이텍,,총 계,,-,,,,,1397233,100%,-,,,,,,,,,,,,,,,,,,,,,,,,,,,,,,,,,,,,,,,,,,,,,,,,,,,,,,,,,,,,,,,,,,,,,,,,,,,,,,,,,,,,,,,,,,,,,,,,,,,,,,,,,,,
원익IPS,사업부문,매출유형,,,주요상표등,,,,,,품 목,,,,,,,,,,,,,,,구체적 용도,제10기,제9기,제8기,,,,,,,,,,,,,,,,,,,,,,,,,,,,,,,,,,,,,,,,,,,,,,,,,,,,,,,,,,,,,,,,,,,,,,,,,,,,,,,,,,,,,,,,,
원익IPS,전사,제품,,,GEMINI 외,,,,,,반도체DisplaySolar Cell,,,,,,,,,,,,,,,반도체 제조 장비Display 제조 장비Solar Cell 제조 장비,"786,549(86.5%)","655,099(87.6%)","605,074(87.6%)",,,,,,,,,,,,,,,,,,,,,,,,,,,,,,,,,,,,,,,,,,,,,,,,,,,,,,,,,,,,,,,,,,,,,,,,,,,,,,,,,,,,,,,,,
원익IPS,전사,상품/용역,,,-,,,,,,-,,,,,,,,,,,,,,,"장비 및 장치 유지보수에 필요한부품, 기술용역 등","123,247(13.5%)","93,078(12.4%)","85,263(12.4%)",,,,,,,,,,,,,,,,,,,,,,,,,,,,,,,,,,,,,,,,,,,,,,,,,,,,,,,,,,,,,,,,,,,,,,,,,,,,,,,,,,,,,,,,,
원익IPS,합 계,합 계,,,합 계,,,,,,합 계,,,,,,,,,,,,,,,합 계,"909,796(100.0%)","748,176(100.0%)","690,337(100.0%)",,,,,,,,,,,,,,,,,,,,,,,,,,,,,,,,,,,,,,,,,,,,,,,,,,,,,,,,,,,,,,,,,,,,,,,,,,,,,,,,,,,,,,,,,
피에스케이,반도체 제조용 장비,제품,,,,,,,245098,,반도체 공정장비 류 외,,,,,,,,,,,,,,,,,,,53.6,,,,,,,,,,,,,,,,,,,,,,,,,,,,,,,,,,,,,,,,,,,,,,,,,,,,,,,,,,,,,,,,,,,,,,,,,,,,,,,,,,,,,,,,
피에스케이,반도체 제조용 장비,기타,,,,,,,212115,,부품 및 용역수수료 외,,,,,,,,,,,,,,,,,,,46.4,,,,,,,,,,,,,,,,,,,,,,,,,,,,,,,,,,,,,,,,,,,,,,,,,,,,,,,,,,,,,,,,,,,,,,,,,,,,,,,,,,,,,,,,
이오테크닉스,전사,제품,,,,,,,283892,,레이저마커 및 응용기기,,,,,,,,,,,,,,,,,,,,74.5%,,,,,,,,,,,,,,,,,,,,,,,,,,,,,,,,,,,,,,,,,,,,,,,,,,,,,,,,,,,,,,,,,,,,,,,,,,,,,,,,,,,,,,,
이오테크닉스,전사,기타,,,,,,,96999,,상품 등,,,,,,,,,,,,,,,,,,,,25.5%,,,,,,,,,,,,,,,,,,,,,,,,,,,,,,,,,,,,,,,,,,,,,,,,,,,,,,,,,,,,,,,,,,,,,,,,,,,,,,,,,,,,,,,
이오테크닉스,합 계,합 계,,,,,,,380891,,합 계,,,,,,,,,,,,,,,,,,,,100.0%,,,,,,,,,,,,,,,,,,,,,,,,,,,,,,,,,,,,,,,,,,,,,,,,,,,,,,,,,,,,,,,,,,,,,,,,,,,,,,,,,,,,,,,
심텍,,,,,,,,,,,,,,,,제품매출,,,,,,,,,,,,,,,,인쇄회로기판,Module PCB,주2),346720.0,24.6,326558.0,26.5,243872.0,23.4,,,,,,,,,,,,,,,,,,,,,,,,,,,,,,,,,,,,,,,,,,,,,,,,,,,,,,,,,,,,,,,,,,,,,,,,,,,,,,
심텍,,,,,,,,,,,,,,,,제품매출,,,,,,,,,,,,,,,,인쇄회로기판,Package Substrate,"""",1063840.0,75.4,904863.0,73.5,798023.0,76.6,,,,,,,,,,,,,,,,,,,,,,,,,,,,,,,,,,,,,,,,,,,,,,,,,,,,,,,,,,,,,,,,,,,,,,,,,,,,,,
심텍,,,,,,,,,,,,,,,,합 계,,,,,,,,,,,,,,,,합 계,합 계,합 계,1410560.0,100.0,1231421.0,100.0,1041896.0,100.0,,,,,,,,,,,,,,,,,,,,,,,,,,,,,,,,,,,,,,,,,,,,,,,,,,,,,,,,,,,,,,,,,,,,,,,,,,,,,,
HPSP,,매출유형,품목,,,,,,,,,,,,,,,,,,,,,,,,,,,,,,,,,,,,,,금액,비중,금액,비중,금액,비중,,,,,,,,,,,,,,,,,,,,,,,,,,,,,,,,,,,,,,,,,,,,,,,,,,,,,,,,,,,,,,,,,,,,,,,,
HPSP,,제품매출,고압수소 어닐링장비 (GENI-SYS),,,,,,,,,,,,,,,,,,,,,,,,,,,,,,,,,,,,,,154092928,89.1%,166741627,91.9%,162690198,90.8%,,,,,,,,,,,,,,,,,,,,,,,,,,,,,,,,,,,,,,,,,,,,,,,,,,,,,,,,,,,,,,,,,,,,,,,,
HPSP,,기타매출(주1),기타,,,,,,,,,,,,,,,,,,,,,,,,,,,,,,,,,,,,,,18871644,10.9%,14659981,8.1%,16396463,9.2%,,,,,,,,,,,,,,,,,,,,,,,,,,,,,,,,,,,,,,,,,,,,,,,,,,,,,,,,,,,,,,,,,,,,,,,,
HPSP,,합계,합계,,,,,,,,,,,,,,,,,,,,,,,,,,,,,,,,,,,,,,172964572,100.0%,181401608,100.0%,179086661,100.0%,,,,,,,,,,,,,,,,,,,,,,,,,,,,,,,,,,,,,,,,,,,,,,,,,,,,,,,,,,,,,,,,,,,,,,,,
파두,,,,,,,,,,,,,,,,,SSD 컨트롤러,,,,,,,,,,,,,,,,,,64153.0,,23906.0,,15474.0,,,,,,,,69.4%,55.0%,68.9%,,,,,,,,,,,,,,,,,,,,,,,,,,,,,,,,,,,,,,,,,,,,,,,,,,,,,,,,,,,,,,,,,,,,,
파두,,,,,,,,,,,,,,,,,SSD 완제품,,,,,,,,,,,,,,,,,,18542.0,,18230.0,,6994.0,,,,,,,,20.1%,41.9%,31.1%,,,,,,,,,,,,,,,,,,,,,,,,,,,,,,,,,,,,,,,,,,,,,,,,,,,,,,,,,,,,,,,,,,,,,
파두,,,,,,,,,,,,,,,,,주요제품 합계,,,,,,,,,,,,,,,,,,82695.0,,42136.0,,22468.0,,,,,,,,89.5%,96.9%,100.0%,,,,,,,,,,,,,,,,,,,,,,,,,,,,,,,,,,,,,,,,,,,,,,,,,,,,,,,,,,,,,,,,,,,,,
파두,,,,,,,,,,,,,,,,,전체 매출,,,,,,,,,,,,,,,,,,92419.0,,43503.0,,22471.0,,,,,,,,100.0%,100.0%,100.0%,,,,,,,,,,,,,,,,,,,,,,,,,,,,,,,,,,,,,,,,,,,,,,,,,,,,,,,,,,,,,,,,,,,,,
제주반도체,,,,,,,,,,,,,,,,,,,,,,,,,,,,,,,,,,,,,,,,,,,,,,,,,,25.01.01 ~25.12.31,NAND MCP,모바일 메모리,119269,39.24%,-,,,,,,,,,,,,,,,,,,,,,,,,,,,,,,,,,,,,,,,,,,,,,,,,,,,,,,,,,,,,,,,
제주반도체,,,,,,,,,,,,,,,,,,,,,,,,,,,,,,,,,,,,,,,,,,,,,,,,,,25.01.01 ~25.12.31,DRAM,모바일 메모리,69239,22.78%,LPDRAM포함,,,,,,,,,,,,,,,,,,,,,,,,,,,,,,,,,,,,,,,,,,,,,,,,,,,,,,,,,,,,,,,
제주반도체,,,,,,,,,,,,,,,,,,,,,,,,,,,,,,,,,,,,,,,,,,,,,,,,,,25.01.01 ~25.12.31,TLC NAND,모바일 메모리,36711,12.08%,-,,,,,,,,,,,,,,,,,,,,,,,,,,,,,,,,,,,,,,,,,,,,,,,,,,,,,,,,,,,,,,,
제주반도체,,,,,,,,,,,,,,,,,,,,,,,,,,,,,,,,,,,,,,,,,,,,,,,,,,25.01.01 ~25.12.31,LPDDR4,모바일 메모리,26788,8.81%,-,,,,,,,,,,,,,,,,,,,,,,,,,,,,,,,,,,,,,,,,,,,,,,,,,,,,,,,,,,,,,,,
제주반도체,,,,,,,,,,,,,,,,,,,,,,,,,,,,,,,,,,,,,,,,,,,,,,,,,,25.01.01 ~25.12.31,TLC NAND,모바일 메모리,22953,7.55%,-,,,,,,,,,,,,,,,,,,,,,,,,,,,,,,,,,,,,,,,,,,,,,,,,,,,,,,,,,,,,,,,
제주반도체,,,,,,,,,,,,,,,,,,,,,,,,,,,,,,,,,,,,,,,,,,,,,,,,,,25.01.01 ~25.12.31,Consumer DDR5,모바일 메모리,7740,2.55%,-,,,,,,,,,,,,,,,,,,,,,,,,,,,,,,,,,,,,,,,,,,,,,,,,,,,,,,,,,,,,,,,
제주반도체,,,,,,,,,,,,,,,,,,,,,,,,,,,,,,,,,,,,,,,,,,,,,,,,,,25.01.01 ~25.12.31,NAND Flash,모바일 메모리,6737,2.22%,Skeleton WF 포함,,,,,,,,,,,,,,,,,,,,,,,,,,,,,,,,,,,,,,,,,,,,,,,,,,,,,,,,,,,,,,,
제주반도체,,,,,,,,,,,,,,,,,,,,,,,,,,,,,,,,,,,,,,,,,,,,,,,,,,25.01.01 ~25.12.31,Consumer DDR4,모바일 메모리,5539,1.82%,-,,,,,,,,,,,,,,,,,,,,,,,,,,,,,,,,,,,,,,,,,,,,,,,,,,,,,,,,,,,,,,,
제주반도체,,,,,,,,,,,,,,,,,,,,,,,,,,,,,,,,,,,,,,,,,,,,,,,,,,25.01.01 ~25.12.31,CRAM,모바일 메모리,4834,1.59%,-,,,,,,,,,,,,,,,,,,,,,,,,,,,,,,,,,,,,,,,,,,,,,,,,,,,,,,,,,,,,,,,
제주반도체,,,,,,,,,,,,,,,,,,,,,,,,,,,,,,,,,,,,,,,,,,,,,,,,,,25.01.01 ~25.12.31,eMMC,모바일 메모리,2819,0.93%,-,,,,,,,,,,,,,,,,,,,,,,,,,,,,,,,,,,,,,,,,,,,,,,,,,,,,,,,,,,,,,,,
제주반도체,,,,,,,,,,,,,,,,,,,,,,,,,,,,,,,,,,,,,,,,,,,,,,,,,,25.01.01 ~25.12.31,eMCP,모바일 메모리,822,0.27%,-,,,,,,,,,,,,,,,,,,,,,,,,,,,,,,,,,,,,,,,,,,,,,,,,,,,,,,,,,,,,,,,
제주반도체,,,,,,,,,,,,,,,,,,,,,,,,,,,,,,,,,,,,,,,,,,,,,,,,,,25.01.01 ~25.12.31,NOR MCP,모바일 메모리,481,0.16%,-,,,,,,,,,,,,,,,,,,,,,,,,,,,,,,,,,,,,,,,,,,,,,,,,,,,,,,,,,,,,,,,
제주반도체,,,,,,,,,,,,,,,,,,,,,,,,,,,,,,,,,,,,,,,,,,,,,,,,,,25.01.01 ~25.12.31,SPI NAND,모바일 메모리,20,0.01%,-,,,,,,,,,,,,,,,,,,,,,,,,,,,,,,,,,,,,,,,,,,,,,,,,,,,,,,,,,,,,,,,
제주반도체,,,,,,,,,,,,,,,,,,,,,,,,,,,,,,,,,,,,,,,,,,,,,,,,,,25.01.01 ~25.12.31,기타,모바일 메모리,12,0.00%,,,,,,,,,,,,,,,,,,,,,,,,,,,,,,,,,,,,,,,,,,,,,,,,,,,,,,,,,,,,,,,,
유진테크,반도체장비,제품,LPCVDPlasmaALD,"반도체 전공정 장비:웨이퍼 위에 특정 용도막(산화막, 절연막 등)을 증착하는 장비",-BlueJay-Albatross-QXP,,,,,,,,,,,,,,,,,,,,,,,,,,,,,,,,,,,,,,,,,,,,,,,,,,,"283,728(81.0%)",,,,,,,,,,,,,,,,,,,,,,,,,,,,,,,,,,,,,,,,,,,,,,,,,,,,,,,,,,,,,,
유진테크,반도체용 산업가스반도체 소재,제품,전구체,반도체 전공정 중 박막증착에 사용되는 화학물질,-SP,,,,,,,,,,,,,,,,,,,,,,,,,,,,,,,,,,,,,,,,,,,,,,,,,,,"14,853(4.2%)",,,,,,,,,,,,,,,,,,,,,,,,,,,,,,,,,,,,,,,,,,,,,,,,,,,,,,,,,,,,,,
유진테크,기타,기타,원부자재,원부자재외,-,,,,,,,,,,,,,,,,,,,,,,,,,,,,,,,,,,,,,,,,,,,,,,,,,,,"51,743(14.8%)",,,,,,,,,,,,,,,,,,,,,,,,,,,,,,,,,,,,,,,,,,,,,,,,,,,,,,,,,,,,,,
유진테크,합 계,합 계,합 계,합 계,합 계,,,,,,,,,,,,,,,,,,,,,,,,,,,,,,,,,,,,,,,,,,,,,,,,,,,"350,324(100.0%)",,,,,,,,,,,,,,,,,,,,,,,,,,,,,,,,,,,,,,,,,,,,,,,,,,,,,,,,,,,,,,
하나마이크론,,,,,,,,,,,,,,,,제품외,,,-,,,,,,,,,,,,,,PKG,반도체칩부품화,,,,,,,,,,,,,,,,,,,,,,,반도체제조,1157316215.0,75.4,,,,,,,,,,,,,,,,,,,,,,,,,,,,,,,,,,,,,,,,,,,,,,,,,,,,,,,,,,,
하나마이크론,,,,,,,,,,,,,,,,제품외,,,-,,,,,,,,,,,,,,기타,-,,,,,,,,,,,,,,,,,,,,,,,반도체제조,103620690.0,6.8,,,,,,,,,,,,,,,,,,,,,,,,,,,,,,,,,,,,,,,,,,,,,,,,,,,,,,,,,,,
하나마이크론,,,,,,,,,,,,,,,,제품외,,,-,,,,,,,,,,,,,,실리콘부품,반도체 공정소모품,,,,,,,,,,,,,,,,,,,,,,,반도체재료,239818300.0,15.6,,,,,,,,,,,,,,,,,,,,,,,,,,,,,,,,,,,,,,,,,,,,,,,,,,,,,,,,,,,
하나마이크론,,,,,,,,,,,,,,,,제품외,,,-,,,,,,,,,,,,,,기타,-,,,,,,,,,,,,,,,,,,,,,,,반도체재료,33052388.0,2.2,,,,,,,,,,,,,,,,,,,,,,,,,,,,,,,,,,,,,,,,,,,,,,,,,,,,,,,,,,,
하나마이크론,,,,,,,,,,,,,,,,투자외,,,-,,,,,,,,,,,,,,기타,관리보수外,,,,,,,,,,,,,,,,,,,,,,,신기술사업금융,611281.0,0.0,,,,,,,,,,,,,,,,,,,,,,,,,,,,,,,,,,,,,,,,,,,,,,,,,,,,,,,,,,,
하나마이크론,,,,,,,,,,,,,,,,-,,,-,,,,,,,,,,,,,,-,-,,,,,,,,,,,,,,,,,,,,,,,합계,1534418874.0,100.0,,,,,,,,,,,,,,,,,,,,,,,,,,,,,,,,,,,,,,,,,,,,,,,,,,,,,,,,,,,
ISC,,제품,Test Socket 등,,,,,,165932,,,,,,,,,,,,,,,,,,,,,,75.4%,,,,,,,,,,,,,,,,,,,,,,,,,,,,,제조,iSC 등,,,,,,,,,,,,,,,,,,,,,,,,,,,,,,,,,,,,,,,,,,,,,,,,,,,,,,,,,
ISC,,상품,Test 부품류 등,,,,,,51598,,,,,,,,,,,,,,,,,,,,,,23.4%,,,,,,,,,,,,,,,,,,,,,,,,,,,,,제조,iSC 등,,,,,,,,,,,,,,,,,,,,,,,,,,,,,,,,,,,,,,,,,,,,,,,,,,,,,,,,,
ISC,,용역 및 기타,-,,,,,,2665,,,,,,,,,,,,,,,,,,,,,,1.2%,,,,,,,,,,,,,,,,,,,,,,,,,,,,,제조,-,,,,,,,,,,,,,,,,,,,,,,,,,,,,,,,,,,,,,,,,,,,,,,,,,,,,,,,,,
ISC,,계,계,,,,,,220195,,,,,,,,,,,,,,,,,,,,,,100.0%,,,,,,,,,,,,,,,,,,,,,,,,,,,,,계,계,,,,,,,,,,,,,,,,,,,,,,,,,,,,,,,,,,,,,,,,,,,,,,,,,,,,,,,,,
고영,3D AOI,,,"- 전자제품/반도체 생산용 검사 장비 및 솔루션 - 뇌수술용 의료로봇- KPO, 스마트 리뷰 등 AI 소프트웨어 솔루션",품목명과 동일,,,,117955,,Zenith 등,,,,,,,,,,,,,,,,,,,,50.7%,,,,,,,,,,,,,,,,,,,,,,,,,,,,,,,,,,,,,,,,,,,,,,,,,,,,,,,,,,,,,,,,,,,,,,,,,,,,,,,,,,,,,,,
고영,3D SPI,,,"- 전자제품/반도체 생산용 검사 장비 및 솔루션 - 뇌수술용 의료로봇- KPO, 스마트 리뷰 등 AI 소프트웨어 솔루션",품목명과 동일,,,,86019,,"aSPIre, KY 8030 등",,,,,,,,,,,,,,,,,,,,37.0%,,,,,,,,,,,,,,,,,,,,,,,,,,,,,,,,,,,,,,,,,,,,,,,,,,,,,,,,,,,,,,,,,,,,,,,,,,,,,,,,,,,,,,,
고영,기타,,,"- 전자제품/반도체 생산용 검사 장비 및 솔루션 - 뇌수술용 의료로봇- KPO, 스마트 리뷰 등 AI 소프트웨어 솔루션",품목명과 동일,,,,28673,,"Geniant Cranial, Kymero, Neptune,KY-P3 및 부품 등",,,,,,,,,,,,,,,,,,,,12.3%,,,,,,,,,,,,,,,,,,,,,,,,,,,,,,,,,,,,,,,,,,,,,,,,,,,,,,,,,,,,,,,,,,,,,,,,,,,,,,,,,,,,,,,
고영,합 계,,,합 계,합 계,,,,232647,,합 계,,,,,,,,,,,,,,,,,,,,100.0%,,,,,,,,,,,,,,,,,,,,,,,,,,,,,,,,,,,,,,,,,,,,,,,,,,,,,,,,,,,,,,,,,,,,,,,,,,,,,,,,,,,,,,,
티씨케이,사업부문,매출유형,,,,,,,,,,,,,,,,,,,,,,,,,,,,,,,,,,,,,,,,,,,,,,,,,,,,,,,,,,,,제품군,매출액,비율,매출액,비율,,,,,,,,,,,,,,,,,,,,,,,,,,,,,,,,,,,,,,,,,,,,,,,,,,,,
티씨케이,Graphite부문,제품,,,,,,,,,,,,,,,,,,,,,,,,,,,,,,,,,,,,,,,,,,,,,,,,,,,,,,,,,,,,반도체용 고순도 흑연제품,33020,11.0%,31513,11.4%,,,,,,,,,,,,,,,,,,,,,,,,,,,,,,,,,,,,,,,,,,,,,,,,,,,,
티씨케이,Graphite부문,제품,,,,,,,,,,,,,,,,,,,,,,,,,,,,,,,,,,,,,,,,,,,,,,,,,,,,,,,,,,,,태양광용 고순도 흑연제품,709,0.2%,784,0.3%,,,,,,,,,,,,,,,,,,,,,,,,,,,,,,,,,,,,,,,,,,,,,,,,,,,,
티씨케이,Susceptor부문,제품,,,,,,,,,,,,,,,,,,,,,,,,,,,,,,,,,,,,,,,,,,,,,,,,,,,,,,,,,,,,LED 및 반도체 부품 외,12383,4.1%,18361,6.7%,,,,,,,,,,,,,,,,,,,,,,,,,,,,,,,,,,,,,,,,,,,,,,,,,,,,
티씨케이,Solid SiC부문,제품,,,,,,,,,,,,,,,,,,,,,,,,,,,,,,,,,,,,,,,,,,,,,,,,,,,,,,,,,,,,반도체 공정 부품,254804,84.6%,224488,81.4%,,,,,,,,,,,,,,,,,,,,,,,,,,,,,,,,,,,,,,,,,,,,,,,,,,,,
티씨케이,기타부문,상품,,,,,,,,,,,,,,,,,,,,,,,,,,,,,,,,,,,,,,,,,,,,,,,,,,,,,,,,,,,,HEATER 등,419,0.1%,579,0.2%,,,,,,,,,,,,,,,,,,,,,,,,,,,,,,,,,,,,,,,,,,,,,,,,,,,,
티씨케이,합계,합계,,,,,,,,,,,,,,,,,,,,,,,,,,,,,,,,,,,,,,,,,,,,,,,,,,,,,,,,,,,,합계,301334,100.0%,275725,100.0%,,,,,,,,,,,,,,,,,,,,,,,,,,,,,,,,,,,,,,,,,,,,,,,,,,,,
두산테스나,,,Wafer Test,,,,,,,,,,,,,,,,,,,,,,,,,,,,,,,,,,,,,,,,,,,,,,,,,,,,,,,,,,,,,,,,테스트사업,"SoC, CIS, Smart Card IC,MCU",280964147,345472231,323623843,웨이퍼 상태에서 테스트를 실시 하여 양품/불량 판정,,,,,,,,,,,,,,,,,,,,,,,,,,,,,,,,,,,,,,,,,,,,,,
두산테스나,,,PKG Test,,,,,,,,,,,,,,,,,,,,,,,,,,,,,,,,,,,,,,,,,,,,,,,,,,,,,,,,,,,,,,,,테스트사업,"MCU, CIS, SoC",18023143,18261514,15028411,패키징이 완료된 개별 칩에 대해 테스트를 실시하여 양품/불량 판정,,,,,,,,,,,,,,,,,,,,,,,,,,,,,,,,,,,,,,,,,,,,,,
두산테스나,,,Die Preparation,,,,,,,,,,,,,,,,,,,,,,,,,,,,,,,,,,,,,,,,,,,,,,,,,,,,,,,,,,,,,,,,DP사업,"CIS, DDI, FPT, SiC",4886781,10456318,14880124,테스트가 완료된 웨이퍼에서 양품칩을 재배열 및 웨이퍼 크기로 분류,,,,,,,,,,,,,,,,,,,,,,,,,,,,,,,,,,,,,,,,,,,,,,
두산테스나,,,합계,,,,,,,,,,,,,,,,,,,,,,,,,,,,,,,,,,,,,,,,,,,,,,,,,,,,,,,,,,,,,,,,합계,합계,303874072,374190063,353532379,,,,,,,,,,,,,,,,,,,,,,,,,,,,,,,,,,,,,,,,,,,,,,,
테크윙,,,,,,,,,,,,,,,,,,,,,,,,,,,,,,,,,반도체검사장비(테크윙),,,,,,,,,,,,,,,,,,,,,,,,,,,,,,,,,,,,,,,,검사장비(Test Handler 등),57299,82166,52805,,,,,,,,,,,,,,,,,,,,,,,,,,,,,,,,,,,,,,,,,,
테크윙,,,,,,,,,,,,,,,,,,,,,,,,,,,,,,,,,반도체검사장비(테크윙),,,,,,,,,,,,,,,,,,,,,,,,,,,,,,,,,,,,,,,,검사장비(Test Handler 등),36.01%,44.29%,39.52%,,,,,,,,,,,,,,,,,,,,,,,,,,,,,,,,,,,,,,,,,,
테크윙,,,,,,,,,,,,,,,,,,,,,,,,,,,,,,,,,반도체검사장비(테크윙),,,,,,,,,,,,,,,,,,,,,,,,,,,,,,,,,,,,,,,,C.O.K(change over kit),58557,48185,38275,,,,,,,,,,,,,,,,,,,,,,,,,,,,,,,,,,,,,,,,,,
테크윙,,,,,,,,,,,,,,,,,,,,,,,,,,,,,,,,,반도체검사장비(테크윙),,,,,,,,,,,,,,,,,,,,,,,,,,,,,,,,,,,,,,,,C.O.K(change over kit),36.80%,25.97%,28.65%,,,,,,,,,,,,,,,,,,,,,,,,,,,,,,,,,,,,,,,,,,
테크윙,,,,,,,,,,,,,,,,,,,,,,,,,,,,,,,,,반도체검사장비(테크윙),,,,,,,,,,,,,,,,,,,,,,,,,,,,,,,,,,,,,,,,Parts 및 Board 등,32297,33554,23306,,,,,,,,,,,,,,,,,,,,,,,,,,,,,,,,,,,,,,,,,,
테크윙,,,,,,,,,,,,,,,,,,,,,,,,,,,,,,,,,반도체검사장비(테크윙),,,,,,,,,,,,,,,,,,,,,,,,,,,,,,,,,,,,,,,,Parts 및 Board 등,20.30%,18.09%,17.44%,,,,,,,,,,,,,,,,,,,,,,,,,,,,,,,,,,,,,,,,,,
테크윙,,,,,,,,,,,,,,,,,,,,,,,,,,,,,,,,,반도체검사장비(테크윙),,,,,,,,,,,,,,,,,,,,,,,,,,,,,,,,,,,,,,,,소계,148153,163904,114386,,,,,,,,,,,,,,,,,,,,,,,,,,,,,,,,,,,,,,,,,,
테크윙,,,,,,,,,,,,,,,,,,,,,,,,,,,,,,,,,반도체검사장비(테크윙),,,,,,,,,,,,,,,,,,,,,,,,,,,,,,,,,,,,,,,,소계,93.10%,88.35%,85.62%,,,,,,,,,,,,,,,,,,,,,,,,,,,,,,,,,,,,,,,,,,
테크윙,,,,,,,,,,,,,,,,,,,,,,,,,,,,,,,,,디스플레이평가장비(이엔씨테크놀로지),,,,,,,,,,,,,,,,,,,,,,,,,,,,,,,,,,,,,,,,"OLED/LCD평가, 측정 장비 등",10976,21603,18630,,,,,,,,,,,,,,,,,,,,,,,,,,,,,,,,,,,,,,,,,,
테크윙,,,,,,,,,,,,,,,,,,,,,,,,,,,,,,,,,디스플레이평가장비(이엔씨테크놀로지),,,,,,,,,,,,,,,,,,,,,,,,,,,,,,,,,,,,,,,,"OLED/LCD평가, 측정 장비 등",6.90%,11.65%,13.94%,,,,,,,,,,,,,,,,,,,,,,,,,,,,,,,,,,,,,,,,,,
테크윙,,,,,,,,,,,,,,,,,,,,,,,,,,,,,,,,,PCB설계등(트루텍),,,,,,,,,,,,,,,,,,,,,,,,,,,,,,,,,,,,,,,,PCB설계 등,-,-,588,,,,,,,,,,,,,,,,,,,,,,,,,,,,,,,,,,,,,,,,,,
테크윙,,,,,,,,,,,,,,,,,,,,,,,,,,,,,,,,,PCB설계등(트루텍),,,,,,,,,,,,,,,,,,,,,,,,,,,,,,,,,,,,,,,,PCB설계 등,-,-,0.44%,,,,,,,,,,,,,,,,,,,,,,,,,,,,,,,,,,,,,,,,,,
테크윙,,,,,,,,,,,,,,,,,,,,,,,,,,,,,,,,,합 계,,,,,,,,,,,,,,,,,,,,,,,,,,,,,,,,,,,,,,,,합 계,159128,185507,133604,,,,,,,,,,,,,,,,,,,,,,,,,,,,,,,,,,,,,,,,,,
테크윙,,,,,,,,,,,,,,,,,,,,,,,,,,,,,,,,,합 계,,,,,,,,,,,,,,,,,,,,,,,,,,,,,,,,,,,,,,,,합 계,100.00%,100.00%,100.00%,,,,,,,,,,,,,,,,,,,,,,,,,,,,,,,,,,,,,,,,,,
피에스케이홀딩스,반도체 제조용장비,제품,,,,,,,184094,,반도체 공정장비 류 외,,,,,,,,,,,,,,,,,,,88.6,,,,,,,,,,,,,,,,,,,,,,,,,,,,,,,,,,,,,,,,,,,,,,,본사,,,,,,,,,,,,,,,,,,,,,,,,,,,,,,,,,,,,,,,,,
피에스케이홀딩스,반도체 제조용장비,기타,,,,,,,23670,,부품 및 용역수수료 외,,,,,,,,,,,,,,,,,,,11.4,,,,,,,,,,,,,,,,,,,,,,,,,,,,,,,,,,,,,,,,,,,,,,,본사,,,,,,,,,,,,,,,,,,,,,,,,,,,,,,,,,,,,,,,,,
RFHIC,,,,,,,,,,,,,,,,,GaN 트랜지스터 등,,,,,,,,,,,,,,,,,,,,,,,,,,,,,,,,,,,,,,,,,,,,,,,,,,,,,,,,,,,,,44726.0,24.07%,19891.0,17.32%,32442,29.11%,(주1),,,,,,,,,,,,,,,,,,,,,,,,,,,,,,,,,,
RFHIC,,,,,,,,,,,,,,,,,GaN 전력증폭기 등,,,,,,,,,,,,,,,,,,,,,,,,,,,,,,,,,,,,,,,,,,,,,,,,,,,,,,,,,,,,,140181.0,75.45%,93909.0,81.75%,78478,70.43%,(주2),,,,,,,,,,,,,,,,,,,,,,,,,,,,,,,,,,
RFHIC,,,,,,,,,,,,,,,,,GaAs MMIC,,,,,,,,,,,,,,,,,,,,,,,,,,,,,,,,,,,,,,,,,,,,,,,,,,,,,,,,,,,,,523.0,0.28%,837.0,0.73%,513,0.46%,(주3),,,,,,,,,,,,,,,,,,,,,,,,,,,,,,,,,,
RFHIC,,,,,,,,,,,,,,,,,기타,,,,,,,,,,,,,,,,,,,,,,,,,,,,,,,,,,,,,,,,,,,,,,,,,,,,,,,,,,,,,374.0,0.20%,239.0,0.20%,-,0.00%,-,,,,,,,,,,,,,,,,,,,,,,,,,,,,,,,,,,
RFHIC,,,,,,,,,,,,,,,,,합계,,,,,,,,,,,,,,,,,,,,,,,,,,,,,,,,,,,,,,,,,,,,,,,,,,,,,,,,,,,,,185804.0,100.00%,114876.0,100.00%,111433,100.00%,-,,,,,,,,,,,,,,,,,,,,,,,,,,,,,,,,,,
코미코,,,,,,,,,,,,,,,,,세정,,,,,,,,,,,,,,,,,,131634.0,21.8%,107312.0,21.2%,97934.0,31.9%,,,,,,,,,,,,,,,,,,,,,,,,,,,,,,,,,,,,,,,,,,,,,매출,,,,,,,,,,,,,,,,,,,,,,,,,,,,,,,,,
코미코,,,,,,,,,,,,,,,,,코팅,,,,,,,,,,,,,,,,,,169803.0,28.1%,151617.0,29.9%,132687.0,43.2%,,,,,,,,,,,,,,,,,,,,,,,,,,,,,,,,,,,,,,,,,,,,,매출,,,,,,,,,,,,,,,,,,,,,,,,,,,,,,,,,
코미코,,,,,,,,,,,,,,,,,부품,,,,,,,,,,,,,,,,,,302673.0,50.1%,248210.0,48.9%,76646.0,24.9%,,,,,,,,,,,,,,,,,,,,,,,,,,,,,,,,,,,,,,,,,,,,,매출,,,,,,,,,,,,,,,,,,,,,,,,,,,,,,,,,
코미코,,,,,,,,,,,,,,,,,매출액 합계,,,,,,,,,,,,,,,,,,604110.0,100.0%,507139.0,100.0%,307267.0,100.0%,,,,,,,,,,,,,,,,,,,,,,,,,,,,,,,,,,,,,,,,,,,,,매출액 합계,,,,,,,,,,,,,,,,,,,,,,,,,,,,,,,,,
태성,,,,,,,,,,,품 목,,,,,,,,,,,,,,,,,,,,,,,,,,,,,,,,,,,,,,,,,,,,,,,,,,,,,,,,,,,,,,,,,,,,,,,,,,,품 목,매출액,매출비중,매출액,매출비중,,,,,,,,,,,,,,,,,,,,,,,,,,,,
태성,,,,,,,,,,,설비,,,,,,,,,,,,,,,,,,,,,,,,,,,,,,,,,,,,,,,,,,,,,,,,,,,,,,,,,,,,,,,,,,,,,,,,,,,정면기,994,3.6,8751,16.7,,,,,,,,,,,,,,,,,,,,,,,,,,,,
태성,,,,,,,,,,,설비,,,,,,,,,,,,,,,,,,,,,,,,,,,,,,,,,,,,,,,,,,,,,,,,,,,,,,,,,,,,,,,,,,,,,,,,,,,표면처리장비,7016,25.6,22695,43.3,,,,,,,,,,,,,,,,,,,,,,,,,,,,
태성,,,,,,,,,,,설비,,,,,,,,,,,,,,,,,,,,,,,,,,,,,,,,,,,,,,,,,,,,,,,,,,,,,,,,,,,,,,,,,,,,,,,,,,,식각장비,7267,26.5,12415,23.7,,,,,,,,,,,,,,,,,,,,,,,,,,,,
태성,,,,,,,,,,,설비,,,,,,,,,,,,,,,,,,,,,,,,,,,,,,,,,,,,,,,,,,,,,,,,,,,,,,,,,,,,,,,,,,,,,,,,,,,수직비접촉장비,671,2.4,1158,2.2,,,,,,,,,,,,,,,,,,,,,,,,,,,,
태성,,,,,,,,,,,설비,,,,,,,,,,,,,,,,,,,,,,,,,,,,,,,,,,,,,,,,,,,,,,,,,,,,,,,,,,,,,,,,,,,,,,,,,,,자동화장비,-,-,78,0.1,,,,,,,,,,,,,,,,,,,,,,,,,,,,
태성,,,,,,,,,,,설비,,,,,,,,,,,,,,,,,,,,,,,,,,,,,,,,,,,,,,,,,,,,,,,,,,,,,,,,,,,,,,,,,,,,,,,,,,,글라스장비,1181,4.3,-,-,,,,,,,,,,,,,,,,,,,,,,,,,,,,
태성,,,,,,,,,,,용역매출,,,,,,,,,,,,,,,,,,,,,,,,,,,,,,,,,,,,,,,,,,,,,,,,,,,,,,,,,,,,,,,,,,,,,,,,,,,용역매출,4686,17.1,3417,6.5,,,,,,,,,,,,,,,,,,,,,,,,,,,,
태성,,,,,,,,,,,상품매출,,,,,,,,,,,,,,,,,,,,,,,,,,,,,,,,,,,,,,,,,,,,,,,,,,,,,,,,,,,,,,,,,,,,,,,,,,,상품매출,2516,9.2,2093,4.0,,,,,,,,,,,,,,,,,,,,,,,,,,,,
태성,,,,,,,,,,,기타매출,,,,,,,,,,,,,,,,,,,,,,,,,,,,,,,,,,,,,,,,,,,,,,,,,,,,,,,,,,,,,,,,,,,,,,,,,,,기타매출,3070,11.2,1810,3.5,,,,,,,,,,,,,,,,,,,,,,,,,,,,
태성,,,,,,,,,,,합 계,,,,,,,,,,,,,,,,,,,,,,,,,,,,,,,,,,,,,,,,,,,,,,,,,,,,,,,,,,,,,,,,,,,,,,,,,,,합 계,27400,100.0,52418,100.0,,,,,,,,,,,,,,,,,,,,,,,,,,,,
에스앤에스텍,블랭크마스크 사업,,,,,234810219,,,,,,,,,,,,,,,,,,,,,,,,,,,,,,,,,,,,,,,,,,,,,,,,,,,,,,,,,,,,,,,,,,,,,,,,,,,,,,,,,,,,,반도체 및 FPD용블랭크마스크 제조,,,,,,,,,,,,,,,,,,,,,,,,,,,
에스앤에스텍,블랭크마스크 사업,,,,,96.3%,,,,,,,,,,,,,,,,,,,,,,,,,,,,,,,,,,,,,,,,,,,,,,,,,,,,,,,,,,,,,,,,,,,,,,,,,,,,,,,,,,,,,반도체 및 FPD용블랭크마스크 제조,,,,,,,,,,,,,,,,,,,,,,,,,,,
에스앤에스텍,신기술사업금융업,,,,,7077013,,,,,,,,,,,,,,,,,,,,,,,,,,,,,,,,,,,,,,,,,,,,,,,,,,,,,,,,,,,,,,,,,,,,,,,,,,,,,,,,,,,,,투자활동,,,,,,,,,,,,,,,,,,,,,,,,,,,
에스앤에스텍,신기술사업금융업,,,,,2.9%,,,,,,,,,,,,,,,,,,,,,,,,,,,,,,,,,,,,,,,,,,,,,,,,,,,,,,,,,,,,,,,,,,,,,,,,,,,,,,,,,,,,,투자활동,,,,,,,,,,,,,,,,,,,,,,,,,,,
에스앤에스텍,바이오 및 과학기술서비스업,,,,,1846021,,,,,,,,,,,,,,,,,,,,,,,,,,,,,,,,,,,,,,,,,,,,,,,,,,,,,,,,,,,,,,,,,,,,,,,,,,,,,,,,,,,,,부동산 임대 및 컨설팅,,,,,,,,,,,,,,,,,,,,,,,,,,,
에스앤에스텍,바이오 및 과학기술서비스업,,,,,0.8%,,,,,,,,,,,,,,,,,,,,,,,,,,,,,,,,,,,,,,,,,,,,,,,,,,,,,,,,,,,,,,,,,,,,,,,,,,,,,,,,,,,,,부동산 임대 및 컨설팅,,,,,,,,,,,,,,,,,,,,,,,,,,,
에스앤에스텍,합 계,,,,,243733253,,,,,,,,,,,,,,,,,,,,,,,,,,,,,,,,,,,,,,,,,,,,,,,,,,,,,,,,,,,,,,,,,,,,,,,,,,,,,,,,,,,,,합 계,,,,,,,,,,,,,,,,,,,,,,,,,,,
에스앤에스텍,합 계,,,,,100%,,,,,,,,,,,,,,,,,,,,,,,,,,,,,,,,,,,,,,,,,,,,,,,,,,,,,,,,,,,,,,,,,,,,,,,,,,,,,,,,,,,,,합 계,,,,,,,,,,,,,,,,,,,,,,,,,,,
케이씨텍,,상품/제품,반도체 장비 및소재의 제조/판매,,,,,,345723305,,,,,,,,,,,,,,,,,"연마(CMP) 장비,연마 소재(Slurry),Cleaning System",,,,,90.3,,,,,,,,,,,,,,,,,,,,,,,,,,,,,반도체부문,,,,,,,,,,,,,,,,,,,,,,,,,,,,,,,,,,,,,,,,,,,,,,,,,,,,,,,,,,
케이씨텍,,상품/제품,디스플레이 장비 및소재의 제조/판매,,,,,,36991230,,,,,,,,,,,,,,,,,"Wet Station, Coater",,,,,9.7,,,,,,,,,,,,,,,,,,,,,,,,,,,,,디스플레이부문,,,,,,,,,,,,,,,,,,,,,,,,,,,,,,,,,,,,,,,,,,,,,,,,,,,,,,,,,,
케이씨텍,,기타,임대료,,,,,,142040,,,,,,,,,,,,,,,,,-,,,,,0.0,,,,,,,,,,,,,,,,,,,,,,,,,,,,,기타,,,,,,,,,,,,,,,,,,,,,,,,,,,,,,,,,,,,,,,,,,,,,,,,,,,,,,,,,,
케이씨텍,,합 계,합 계,,,,,,382856575,,,,,,,,,,,,,,,,,-,,,,,100.0,,,,,,,,,,,,,,,,,,,,,,,,,,,,,합 계,,,,,,,,,,,,,,,,,,,,,,,,,,,,,,,,,,,,,,,,,,,,,,,,,,,,,,,,,,
HD현대에너지솔루션,그린 에너지,제품판매 및 수주계약,,,,,,,,,태양광모듈,,,,,,,,,,,,,,,모듈,"374,156 (75.9%)",,,,,,,,,,,,,,,,,,,,,,,,,,,,,,,,,,,,,,,,,,,,,,,,,,,,,,,,,,,,,,,,,,,,,,,,,,,,,,,,,,,,,,,,,,,
HD현대에너지솔루션,그린 에너지,제품판매 및 수주계약,,,,,,,,,제어시스템,,,,,,,,,,,,,,,"PCS, ESS","85,198 (17.3%)",,,,,,,,,,,,,,,,,,,,,,,,,,,,,,,,,,,,,,,,,,,,,,,,,,,,,,,,,,,,,,,,,,,,,,,,,,,,,,,,,,,,,,,,,,,
HD현대에너지솔루션,그린 에너지,제품판매 및 수주계약,,,,,,,,,수주계약,,,,,,,,,,,,,,,수주계약,"28,584 (5.8%)",,,,,,,,,,,,,,,,,,,,,,,,,,,,,,,,,,,,,,,,,,,,,,,,,,,,,,,,,,,,,,,,,,,,,,,,,,,,,,,,,,,,,,,,,,,
HD현대에너지솔루션,그린 에너지,기타,,,,,,,,,용역수익 外,,,,,,,,,,,,,,,O&M 수익 外,"4,722 (1.0%)",,,,,,,,,,,,,,,,,,,,,,,,,,,,,,,,,,,,,,,,,,,,,,,,,,,,,,,,,,,,,,,,,,,,,,,,,,,,,,,,,,,,,,,,,,,
HD현대에너지솔루션,합 계,합 계,,,,,,,,,합 계,,,,,,,,,,,,,,,합 계,"492,660 (100.0%)",,,,,,,,,,,,,,,,,,,,,,,,,,,,,,,,,,,,,,,,,,,,,,,,,,,,,,,,,,,,,,,,,,,,,,,,,,,,,,,,,,,,,,,,,,,
하나머티리얼즈,,,,,,,,,,,,,,,,제품 외,,,,,,,,,,,,,,,,,실리콘부품,반도체 식각장비의 주요 소모품 외,,,,,,,,,,,,,,,,,,,,,,,반도체 부품,,,,,,,,,,,,,,,,,,,,,,,,,,,,,,,,,,,TEL,239818.0,87.69,,,,,,,,,,,,,,,,,,,,,,,,
하나머티리얼즈,,,,,,,,,,,,,,,,제품 외,,,,,,,,,,,,,,,,,기타,-,,,,,,,,,,,,,,,,,,,,,,,반도체 부품,,,,,,,,,,,,,,,,,,,,,,,,,,,,,,,,,,,-,33053.0,12.09,,,,,,,,,,,,,,,,,,,,,,,,
하나머티리얼즈,,,,,,,,,,,,,,,,투자 외,,,,,,,,,,,,,,,,,기타,조합관리보수 외,,,,,,,,,,,,,,,,,,,,,,,신기술사업금융,,,,,,,,,,,,,,,,,,,,,,,,,,,,,,,,,,,-,611.0,0.22,,,,,,,,,,,,,,,,,,,,,,,,
하나머티리얼즈,,,,,,,,,,,,,,,,-,,,,,,,,,,,,,,,,,-,-,,,,,,,,,,,,,,,,,,,,,,,합계,,,,,,,,,,,,,,,,,,,,,,,,,,,,,,,,,,,-,273482.0,100.0,,,,,,,,,,,,,,,,,,,,,,,,
필옵틱스,OLED 디스플레이,,,,,,,,54426,,,,,,,,,,,,,,,,,,,,,,,,,,,,,,,,,,,,,,,,,,,,,52.6,,,,,,,,,,,,,,,,,,,,,,,,,,,,,,,,,,,,,Rigid 및 Flexible OLED 공정장비 등,,,,115620,28.1,99182,33.0,,,,,,,,,,,,,,,,,,,,
필옵틱스,반도체 공정장비,,,,,,,,12151,,,,,,,,,,,,,,,,,,,,,,,,,,,,,,,,,,,,,,,,,,,,,11.7,,,,,,,,,,,,,,,,,,,,,,,,,,,,,,,,,,,,,TGV 장비 및 Singulation 장비 등,,,,4403,1.1,2016,0.7,,,,,,,,,,,,,,,,,,,,
필옵틱스,이차전지 공정장비,,,,,,,,33194,,,,,,,,,,,,,,,,,,,,,,,,,,,,,,,,,,,,,,,,,,,,,32.1,,,,,,,,,,,,,,,,,,,,,,,,,,,,,,,,,,,,,Stacking 장비 및 Laser Notching 장비 등,,,,285399,69.5,196715,65.6,,,,,,,,,,,,,,,,,,,,
필옵틱스,기타,,,,,,,,3670,,,,,,,,,,,,,,,,,,,,,,,,,,,,,,,,,,,,,,,,,,,,,3.6,,,,,,,,,,,,,,,,,,,,,,,,,,,,,,,,,,,,,"태양광 장비, 개조개선 등",,,,5472,1.3,2088,0.7,,,,,,,,,,,,,,,,,,,,
필옵틱스,합계,,,,,,,,103441,,,,,,,,,,,,,,,,,,,,,,,,,,,,,,,,,,,,,,,,,,,,,100,,,,,,,,,,,,,,,,,,,,,,,,,,,,,,,,,,,,,합계,,,,410894,100,300001,100,,,,,,,,,,,,,,,,,,,,
LX세미콘,사업부문,,품목,,,,,,,,,,,,,,,,,,,,,,,,,,,,,,,,,,,,,,,,,,,,,,,,,,,,,,,,,,,,,,,,,,,,,,,,,,,,,,,,,,,,,,,,,,,,,,,,매출액,비율(%),매출액,비율(%),매출액,비율(%),,,,,,,,,,,,,,
LX세미콘,시스템반도체,,Driver - IC,,,,,,,,,,,,,,,,,,,,,,,,,,,,,,,,,,,,,,,,,,,,,,,,,,,,,,,,,,,,,,,,,,,,,,,,,,,,,,,,,,,,,,,,,,,,,,,,14655,89.41,16724,89.64,17485,91.96,,,,,,,,,,,,,,
LX세미콘,시스템반도체,,Driver - IC 외,,,,,,,,,,,,,,,,,,,,,,,,,,,,,,,,,,,,,,,,,,,,,,,,,,,,,,,,,,,,,,,,,,,,,,,,,,,,,,,,,,,,,,,,,,,,,,,,1736,10.59,1932,10.36,1529,8.04,,,,,,,,,,,,,,
LX세미콘,합계,,합계,,,,,,,,,,,,,,,,,,,,,,,,,,,,,,,,,,,,,,,,,,,,,,,,,,,,,,,,,,,,,,,,,,,,,,,,,,,,,,,,,,,,,,,,,,,,,,,,16391,100.00,18656,100.00,19014,100.00,,,,,,,,,,,,,,
와이씨,,반도체 및 전자,,"테스터 및 BOARD 외 전기전자/반도체제조장비 부속품, 메모리 웨이퍼 테스터용 Part 및 테스터장비의 유상 A/S, 개조 등 메모리 웨이퍼 테스터 용 Part 판매",,,,,267477,,"메모리 웨이퍼 테스터, 반도체 제조장비 부속품, Spare parts 및 수리/용역매출",,,,,,,,,,,,,,,,,,,,98.1,,,,,,,,,,,,,,,,,,,,,,,,,,,,,,,,,,,,,,,,,,,,,,,,,,,,,,,,,,,,,,,,,,,,,,,,,,,,,,,,,,,,,,,
와이씨,,기타,,-,,,,,5153,,-,,,,,,,,,,,,,,,,,,,,1.9,,,,,,,,,,,,,,,,,,,,,,,,,,,,,,,,,,,,,,,,,,,,,,,,,,,,,,,,,,,,,,,,,,,,,,,,,,,,,,,,,,,,,,,
와이씨,,합 계,,합 계,,,,,272630,,합 계,,,,,,,,,,,,,,,,,,,,100.0,,,,,,,,,,,,,,,,,,,,,,,,,,,,,,,,,,,,,,,,,,,,,,,,,,,,,,,,,,,,,,,,,,,,,,,,,,,,,,,,,,,,,,,
SFA반도체,반도체 제조,제품,메모리,,,,,,298306,,,,,,,,,,,,,,,,,컴퓨터관련 주변장치 및 저장장치,,,,,,,,,,,,,,,,,,,,,,,,,,,,81.2%,,,,,,,,,,,,,,,,,,,,,,,,,,,,,,,,,,,,,,,,,,,,,,,,,,,삼성전자(주) 외,,,,,,,,,,,,,
SFA반도체,반도체 제조,제품,비메모리,,,,,,66621,,,,,,,,,,,,,,,,,"산업용, PC, VIDEO, AUDIO, 전력용 등",,,,,,,,,,,,,,,,,,,,,,,,,,,,18.1%,,,,,,,,,,,,,,,,,,,,,,,,,,,,,,,,,,,,,,,,,,,,,,,,,,,삼성전자(주) 외,,,,,,,,,,,,,
SFA반도체,반도체 제조,상품,기타,,,,,,1539,,,,,,,,,,,,,,,,,Module 등,,,,,,,,,,,,,,,,,,,,,,,,,,,,0.4%,,,,,,,,,,,,,,,,,,,,,,,,,,,,,,,,,,,,,,,,,,,,,,,,,,,삼성전자(주) 외,,,,,,,,,,,,,
SFA반도체,반도체 제조,기타,기타,,,,,,923,,,,,,,,,,,,,,,,,잉여물품 매각,,,,,,,,,,,,,,,,,,,,,,,,,,,,0.3%,,,,,,,,,,,,,,,,,,,,,,,,,,,,,,,,,,,,,,,,,,,,,,,,,,,성일금속 외,,,,,,,,,,,,,
SFA반도체,합 계,합 계,합 계,,,,,,367389,,,,,,,,,,,,,,,,,합 계,,,,,,,,,,,,,,,,,,,,,,,,,,,,100.0%,,,,,,,,,,,,,,,,,,,,,,,,,,,,,,,,,,,,,,,,,,,,,,,,,,,합 계,,,,,,,,,,,,,
덕산네오룩스,덕산네오룩스(주),제품 등,,,,,,"스마트폰, TV 등 전자기기 소재",202284,,디스플레이 소재,,,,,,,,,,,,,,,,,,,,58.8%,,,,,,,,,,,,,,,,,,,,,,,,,,,,,,,,,,,,,,,,,,,,,,,,,,,,,,,,,,,,,,,,,,,,,,,,,,,,,,,,,,,,,,,
덕산네오룩스,현대중공업터보기계(*1),제품 등,,,,,,발전소 및 선박 등핵심부품,142026,,"펌프, 압축기 외",,,,,,,,,,,,,,,,,,,,41.2%,,,,,,,,,,,,,,,,,,,,,,,,,,,,,,,,,,,,,,,,,,,,,,,,,,,,,,,,,,,,,,,,,,,,,,,,,,,,,,,,,,,,,,,
덕산네오룩스,기 타,-,,,,,,부문간 내부거래 제거 등,-,,부문간 내부거래 제거 등,,,,,,,,,,,,,,,,,,,,-,,,,,,,,,,,,,,,,,,,,,,,,,,,,,,,,,,,,,,,,,,,,,,,,,,,,,,,,,,,,,,,,,,,,,,,,,,,,,,,,,,,,,,,
덕산네오룩스,계,계,,,,,,계,344310,,계,,,,,,,,,,,,,,,,,,,,100.0%,,,,,,,,,,,,,,,,,,,,,,,,,,,,,,,,,,,,,,,,,,,,,,,,,,,,,,,,,,,,,,,,,,,,,,,,,,,,,,,,,,,,,,,
넥스틴,,,,,,,,,,,,,,,,,,,,,,,,,,,,,,,,,,,,,,,,,,,,,,,,,,,,,,,,,,,,,,,,,,,,,,,,,,,,,,,,,,,,,,,,,,,,,,,,,,,,,,,,,,AEGIS I,내수,-,-,-,6881,,,,,,,
넥스틴,,,,,,,,,,,,,,,,,,,,,,,,,,,,,,,,,,,,,,,,,,,,,,,,,,,,,,,,,,,,,,,,,,,,,,,,,,,,,,,,,,,,,,,,,,,,,,,,,,,,,,,,,,AEGIS I,수출,-,-,-,27180,,,,,,,
넥스틴,,,,,,,,,,,,,,,,,,,,,,,,,,,,,,,,,,,,,,,,,,,,,,,,,,,,,,,,,,,,,,,,,,,,,,,,,,,,,,,,,,,,,,,,,,,,,,,,,,,,,,,,,,AEGIS II,내수,8464,6848,9857,29911,,,,,,,
넥스틴,,,,,,,,,,,,,,,,,,,,,,,,,,,,,,,,,,,,,,,,,,,,,,,,,,,,,,,,,,,,,,,,,,,,,,,,,,,,,,,,,,,,,,,,,,,,,,,,,,,,,,,,,,AEGIS II,수출,9774,67757,44497,36638,,,,,,,
넥스틴,,,,,,,,,,,,,,,,,,,,,,,,,,,,,,,,,,,,,,,,,,,,,,,,,,,,,,,,,,,,,,,,,,,,,,,,,,,,,,,,,,,,,,,,,,,,,,,,,,,,,,,,,,AEGIS III,내수,-,-,-,-,,,,,,,
넥스틴,,,,,,,,,,,,,,,,,,,,,,,,,,,,,,,,,,,,,,,,,,,,,,,,,,,,,,,,,,,,,,,,,,,,,,,,,,,,,,,,,,,,,,,,,,,,,,,,,,,,,,,,,,AEGIS III,수출,-,20600,21023,-,,,,,,,
넥스틴,,,,,,,,,,,,,,,,,,,,,,,,,,,,,,,,,,,,,,,,,,,,,,,,,,,,,,,,,,,,,,,,,,,,,,,,,,,,,,,,,,,,,,,,,,,,,,,,,,,,,,,,,,IRIS-II,내수,-,5405,-,-,,,,,,,
넥스틴,,,,,,,,,,,,,,,,,,,,,,,,,,,,,,,,,,,,,,,,,,,,,,,,,,,,,,,,,,,,,,,,,,,,,,,,,,,,,,,,,,,,,,,,,,,,,,,,,,,,,,,,,,IRIS-II,수출,-,-,-,-,,,,,,,
넥스틴,,,,,,,,,,,,,,,,,,,,,,,,,,,,,,,,,,,,,,,,,,,,,,,,,,,,,,,,,,,,,,,,,,,,,,,,,,,,,,,,,,,,,,,,,,,,,,,,,,,,,,,,,,KROKY,내수,25530,-,-,-,,,,,,,
넥스틴,,,,,,,,,,,,,,,,,,,,,,,,,,,,,,,,,,,,,,,,,,,,,,,,,,,,,,,,,,,,,,,,,,,,,,,,,,,,,,,,,,,,,,,,,,,,,,,,,,,,,,,,,,KROKY,수출,2440,-,-,-,,,,,,,
넥스틴,,,,,,,,,,,,,,,,,,,,,,,,,,,,,,,,,,,,,,,,,,,,,,,,,,,,,,,,,,,,,,,,,,,,,,,,,,,,,,,,,,,,,,,,,,,,,,,,,,,,,,,,,,기타,내수,425,-,117,480,,,,,,,
넥스틴,,,,,,,,,,,,,,,,,,,,,,,,,,,,,,,,,,,,,,,,,,,,,,,,,,,,,,,,,,,,,,,,,,,,,,,,,,,,,,,,,,,,,,,,,,,,,,,,,,,,,,,,,,기타,수출,-,-,-,-,,,,,,,
넥스틴,,,,,,,,,,,,,,,,,,,,,,,,,,,,,,,,,,,,,,,,,,,,,,,,,,,,,,,,,,,,,,,,,,,,,,,,,,,,,,,,,,,,,,,,,,,,,,,,,,,,,,,,,,합계,합계,46633,100610,75494,101090,,,,,,,
가온칩스,,,,,,,,,,,,,,,,,,,,,,,,,,,,,,,,,,,,,,,,,,,,,,,,,,,,,,,,,,,,,,,,,,,,,,,,,,,,,,,,,,,,,제품매출,,,,,,,,,,,,,,,,,,,,,,,,,,,Automotive,30621.0,44.70%,21253.0,22.03%,14568.0,22.91%
가온칩스,,,,,,,,,,,,,,,,,,,,,,,,,,,,,,,,,,,,,,,,,,,,,,,,,,,,,,,,,,,,,,,,,,,,,,,,,,,,,,,,,,,,,제품매출,,,,,,,,,,,,,,,,,,,,,,,,,,,인공지능(AI),27613.0,40.31%,48938.0,50.70%,9328.0,14.67%
가온칩스,,,,,,,,,,,,,,,,,,,,,,,,,,,,,,,,,,,,,,,,,,,,,,,,,,,,,,,,,,,,,,,,,,,,,,,,,,,,,,,,,,,,,제품매출,,,,,,,,,,,,,,,,,,,,,,,,,,,IP개발,1097.0,1.60%,2977.0,3.09%,3162.0,4.97%
가온칩스,,,,,,,,,,,,,,,,,,,,,,,,,,,,,,,,,,,,,,,,,,,,,,,,,,,,,,,,,,,,,,,,,,,,,,,,,,,,,,,,,,,,,제품매출,,,,,,,,,,,,,,,,,,,,,,,,,,,보안(Security),674.0,0.98%,9259.0,9.60%,9746.0,15.32%
가온칩스,,,,,,,,,,,,,,,,,,,,,,,,,,,,,,,,,,,,,,,,,,,,,,,,,,,,,,,,,,,,,,,,,,,,,,,,,,,,,,,,,,,,,제품매출,,,,,,,,,,,,,,,,,,,,,,,,,,,디스플레이(Display),460.0,0.67%,598.0,0.62%,2592.0,4.08%
가온칩스,,,,,,,,,,,,,,,,,,,,,,,,,,,,,,,,,,,,,,,,,,,,,,,,,,,,,,,,,,,,,,,,,,,,,,,,,,,,,,,,,,,,,제품매출,,,,,,,,,,,,,,,,,,,,,,,,,,,사물인터넷(IoT),100.0,0.15%,87.0,0.09%,1067.0,1.68%
가온칩스,,,,,,,,,,,,,,,,,,,,,,,,,,,,,,,,,,,,,,,,,,,,,,,,,,,,,,,,,,,,,,,,,,,,,,,,,,,,,,,,,,,,,제품매출 소계,,,,,,,,,,,,,,,,,,,,,,,,,,,제품매출 소계,60565.0,88.40%,83112.0,86.13%,40463.0,63.62%
가온칩스,,,,,,,,,,,,,,,,,,,,,,,,,,,,,,,,,,,,,,,,,,,,,,,,,,,,,,,,,,,,,,,,,,,,,,,,,,,,,,,,,,,,,용역매출,,,,,,,,,,,,,,,,,,,,,,,,,,,용역매출,7945.0,11.60%,13380.0,13.87%,23134.0,36.38%
가온칩스,,,,,,,,,,,,,,,,,,,,,,,,,,,,,,,,,,,,,,,,,,,,,,,,,,,,,,,,,,,,,,,,,,,,,,,,,,,,,,,,,,,,,총 매출액,,,,,,,,,,,,,,,,,,,,,,,,,,,총 매출액,68510.0,100.00%,96492.0,100.00%,63597.0,100.00%
