corp_code,stock_code,corp_name,year,매출액,영업이익,당기순이익,ROE(%),ROA(%),영업이익률(%),매출총이익률(%),SGA비율(%),매출원가율(%),부채비율(%),자기자본비율(%),이자보상배수(배),자산회전율(배),재고회전율(배),매출채권회전율(배),Capex,Capex/매출(%),FCF,FCF마진(%),영업활동현금흐름,배당금지급,고정자산비율(%)
160843,68270,DB하이텍,2023,1154223638940.0,265437456373.0,264149250979.0,15.18,12.93,23.0,38.3,15.3,61.7,17.43,85.16,24.96,0.56,8.72,10.53,335598542669.0,29.08,-111340386903.0,-9.65,224258155766.0,56504612200.0,47.59
160843,68270,DB하이텍,2024,1131167709804.0,190838683363.0,229385888355.0,11.47,9.57,16.87,34.2,17.33,65.8,19.8,83.47,14.15,0.47,10.57,11.26,133532467595.0,11.8,249101906230.0,22.02,382634373825.0,24248339817.0,48.41
160843,68270,DB하이텍,2025,1397233307039.0,277294561174.0,252582440798.0,11.26,8.44,19.85,35.81,15.97,64.19,33.36,74.99,9.08,0.47,9.2,10.35,154293743682.0,11.04,202673281799.0,14.51,356967025481.0,50540816400.0,43.71
1199550,267260,HD현대에너지솔루션,2023,546119805992.0,17542859732.0,-2863877616.0,-0.77,-0.57,3.21,11.57,8.35,88.43,35.12,74.01,1.13,1.09,2.87,6.4,11044278035.0,2.02,64739436526.0,11.85,75783714561.0,6720000000.0,20.91
1199550,267260,HD현대에너지솔루션,2024,422371216357.0,3502725251.0,114228449.0,0.03,0.03,0.83,11.22,10.39,88.78,22.75,81.47,0.41,0.93,4.5,5.39,16633673710.0,3.94,66815045543.0,15.82,83448719253.0,0.0,21.39
1199550,267260,HD현대에너지솔루션,2025,492659873672.0,41222890455.0,41676678809.0,9.98,7.86,8.37,21.57,13.2,78.43,26.96,78.76,4.29,0.93,4.05,3.76,18588334690.0,3.77,-866278321.0,-0.18,17722056369.0,0.0,20.31
1288827,61970,HPSP,2023,179086660832.0,95206074427.0,80432402487.0,29.03,25.08,53.16,66.22,13.06,33.78,15.74,86.4,558.19,0.56,2.5,81.22,26182308022.0,14.62,64135825947.0,35.81,90318133969.0,1813462500.0,13.1
1288827,61970,HPSP,2024,181401607828.0,93945693775.0,86280231062.0,31.05,26.97,51.79,71.45,19.66,28.55,15.11,86.88,919.91,0.57,2.24,19.01,43573347016.0,24.02,54363350965.0,29.97,97936697981.0,7487141100.0,16.08
1288827,61970,HPSP,2025,172964572189.0,89902342748.0,72662225546.0,23.57,19.65,51.98,73.02,21.04,26.98,19.94,83.37,1516.91,0.47,2.92,7.47,2429181005.0,1.4,97775957385.0,56.53,100205138390.0,48219203400.0,13.24
572905,24800,ISC,2023,140221939908.0,10736706776.0,13583247114.0,2.87,2.51,7.66,39.34,31.68,60.66,14.44,87.38,5.05,0.26,5.51,5.37,14616174060.0,10.42,7762449575.0,5.54,22378623635.0,9999963000.0,21.08
572905,24800,ISC,2024,174480093980.0,44784268057.0,54898977342.0,10.49,9.42,25.67,42.64,16.97,57.36,11.42,89.75,6.09,0.3,6.48,5.3,11643076884.0,6.67,39029355986.0,22.37,50672432870.0,4092838400.0,16.61
572905,24800,ISC,2025,220194751972.0,60053887115.0,56343270511.0,10.49,9.05,27.27,44.39,17.11,55.61,15.85,86.32,6.58,0.35,4.9,3.15,6334135777.0,2.88,35377885221.0,16.07,41712020998.0,16575995520.0,15.66
525934,148040,LX세미콘,2023,1901444975029.0,129035656339.0,101203533006.0,10.36,8.4,6.79,28.08,21.3,71.92,23.37,81.05,5.16,1.58,4.07,9.28,52669759922.0,2.77,49735274029.0,2.62,102405033951.0,73189350000.0,14.8
525934,148040,LX세미콘,2024,1865621538499.0,167076803816.0,130509153930.0,12.09,8.7,8.96,33.01,24.06,66.99,38.92,71.98,4.94,1.24,5.91,4.16,42041532765.0,2.25,126825971782.0,6.8,168867504547.0,29275659685.0,13.04
525934,148040,LX세미콘,2025,1639070665791.0,108856055553.0,82633081344.0,7.34,5.9,6.64,31.92,25.28,68.08,24.36,80.41,6.3,1.17,5.77,4.62,29147204043.0,1.78,107939328796.0,6.59,137086532839.0,39034211466.0,13.88
1078178,204210,RFHIC,2023,111432998779.0,303024279.0,17683006519.0,5.39,3.47,0.27,33.02,32.63,66.98,55.17,64.44,0.04,0.22,0.95,6.04,43839957406.0,39.34,-27880893811.0,-25.02,15959063595.0,3110876800.0,24.4
1078178,204210,RFHIC,2024,114875963020.0,1529788265.0,19698779772.0,5.5,4.08,1.33,31.03,29.7,68.97,34.92,74.12,0.25,0.24,1.06,4.27,24922565124.0,21.7,7499427281.0,6.53,32421992405.0,2589913400.0,25.07
1078178,204210,RFHIC,2025,185803786324.0,30889493523.0,35505822915.0,8.96,6.5,16.62,34.58,17.95,65.42,37.77,72.59,6.35,0.34,1.37,3.99,5208727390.0,2.8,24290498488.0,13.07,29499225878.0,2542087800.0,21.9
301246,7920,SFA반도체,2023,437586077155.0,-16710120338.0,-14043612067.0,-2.99,-2.3,-3.82,-0.15,3.67,100.15,29.72,77.09,-3.95,0.72,11.28,10.12,27199934255.0,6.22,8815830292.0,2.01,36015764547.0,440002957.0,62.74
301246,7920,SFA반도체,2024,400482861805.0,-31004226.0,20458863208.0,4.11,3.28,-0.01,3.27,3.28,96.73,25.22,79.86,-0.01,0.64,12.35,11.42,36625507913.0,9.15,16454888166.0,4.11,53080396079.0,0.0,62.78
301246,7920,SFA반도체,2025,367389147993.0,-19626671175.0,-19130997781.0,-4.05,-3.48,-5.34,-1.45,3.89,101.45,16.21,86.05,-5.72,0.67,9.93,7.2,22059925984.0,6.0,-16603600772.0,-4.52,5456325212.0,0.0,66.36
164779,660,SK하이닉스,2023,32765719000000.0,-7730313000000.0,-9137547000000.0,-17.08,-9.11,-23.59,-1.63,21.96,101.63,87.52,53.33,-1.27,0.33,2.47,4.96,8779848000000.0,26.8,-4501657000000.0,-13.74,4278191000000.0,825575000000.0,56.35
164779,660,SK하이닉스,2024,66192960000000.0,23467319000000.0,19796902000000.0,26.78,16.52,35.45,48.08,12.63,51.92,62.15,61.67,4.11,0.55,2.58,5.08,16662640000000.0,25.17,13133245000000.0,19.84,29795885000000.0,826323000000.0,53.54
164779,660,SK하이닉스,2025,97146675000000.0,47206319000000.0,42947902000000.0,35.59,24.39,48.59,60.41,11.82,39.59,45.95,68.52,3.77,0.55,2.69,5.34,28579343000000.0,29.42,24793783000000.0,25.52,53373126000000.0,1681166000000.0,46.31
1364747,52690,가온칩스,2023,63597349804.0,4351646460.0,6344445918.0,10.23,6.71,6.84,20.0,13.16,80.0,52.55,65.55,5.19,0.67,,3.82,10884020503.0,17.11,-5217669564.0,-8.2,5666350939.0,0.0,22.05
1364747,52690,가온칩스,2024,96492001688.0,3524912928.0,7530549168.0,10.86,6.68,3.65,14.76,11.11,85.24,62.51,61.53,1.51,0.86,,5.16,10798869694.0,11.19,5048709.0,0.01,10803918403.0,0.0,23.12
1364747,52690,가온칩스,2025,68510181008.0,-16721496228.0,-14369143365.0,-26.27,-9.02,-24.41,-7.61,16.8,107.61,191.31,34.33,-1.85,0.43,69.46,11.15,8330257678.0,12.16,-9178988137.0,-13.4,-848730459.0,0.0,18.21
579999,92220,고영,2023,225630691398.0,20372226090.0,21925959777.0,7.18,5.97,9.03,64.49,37.01,35.51,20.27,83.14,29.35,0.61,1.6,2.72,10231944518.0,4.53,19308259865.0,8.56,29540204383.0,9383403960.0,15.33
579999,92220,고영,2024,202538127214.0,3322352718.0,20998990602.0,6.5,5.56,1.64,62.14,40.22,37.86,16.95,85.51,6.59,0.54,1.53,2.79,8648141330.0,4.27,27747465314.0,13.7,36395606644.0,9183975920.0,15.61
579999,92220,고영,2025,232647218656.0,17342338477.0,14756087568.0,4.4,3.6,7.45,63.86,41.89,36.14,22.43,81.68,23.49,0.57,1.66,2.19,13483943478.0,5.8,4606285831.0,1.98,18090229309.0,9237228000.0,15.93
1080252,396770,넥스틴,2023,87930571023.0,36165536410.0,30933600268.0,24.36,21.64,41.13,70.88,29.75,29.12,12.56,88.84,19.32,0.62,0.49,10.09,16630048050.0,18.91,-16233108982.0,-18.46,396939068.0,4932296500.0,18.31
1080252,396770,넥스틴,2024,113719875873.0,46974727733.0,38427640891.0,24.38,20.24,41.31,69.93,28.62,30.07,20.41,83.05,32.12,0.6,0.62,8.31,15836121029.0,13.93,26922050473.0,23.67,42758171502.0,5093125500.0,19.79
1080252,396770,넥스틴,2025,66914327141.0,-1160803724.0,-2645744570.0,-1.76,-1.19,-1.73,48.65,50.39,51.35,48.45,67.36,-0.86,0.3,0.57,10.85,30459468030.0,45.52,-41568110981.0,-62.12,-11108642951.0,5138818500.0,33.61
1061558,126340,덕산네오룩스,2023,163702143267.0,32919649532.0,35804054122.0,10.14,8.86,20.11,35.09,14.98,64.91,14.48,87.35,21.88,0.4,3.45,18.4,15989737507.0,9.77,33964922105.0,20.75,49954659612.0,0.0,40.29
1061558,126340,덕산네오룩스,2024,212252223722.0,52471548274.0,45760807753.0,11.47,10.12,24.72,38.41,13.69,61.59,13.36,88.21,14.94,0.47,4.15,14.42,20159609146.0,9.5,38667962602.0,18.22,58827571748.0,0.0,37.87
1061558,126340,덕산네오룩스,2025,344309797191.0,60742428308.0,53957306202.0,11.47,7.56,17.64,33.71,16.07,66.29,51.8,65.88,8.75,0.48,3.47,5.09,14062370495.0,4.08,46492172868.0,13.5,60554543363.0,0.0,37.47
563545,367770,두산테스나,2023,338652254525.0,60778799323.0,49077381672.0,12.16,6.43,17.95,24.52,6.57,75.48,89.06,52.89,3.29,0.44,,9.09,174030855647.0,51.39,36515666059.0,10.78,210546521706.0,2718647040.0,76.38
563545,367770,두산테스나,2024,373117930000.0,37923282000.0,36781312000.0,8.4,4.67,10.16,18.17,8.01,81.83,79.98,55.56,2.44,0.47,499.94,10.52,183592765000.0,49.21,35644389000.0,9.55,219237154000.0,3078165000.0,76.35
563545,367770,두산테스나,2025,303874072000.0,-940826000.0,1510043000.0,0.35,0.21,-0.31,9.72,10.03,90.28,61.02,62.1,-0.08,0.43,1074.04,8.3,24797148000.0,8.16,122421186000.0,40.29,147218334000.0,3078165000.0,65.88
369657,58430,리노공업,2023,255573034656.0,114378400291.0,110923015440.0,19.91,19.03,44.75,50.21,5.46,49.79,4.63,95.57,12127.5,0.44,8.93,8.57,69025942542.0,27.01,41365079486.0,16.19,110391022028.0,45537360000.0,31.75
369657,58430,리노공업,2024,278186189427.0,124201343872.0,113279046428.0,18.19,17.23,44.65,49.67,5.02,50.33,5.59,94.7,16332.95,0.42,10.8,5.45,12015508531.0,4.32,98091088534.0,35.26,110106597065.0,45537360000.0,27.88
369657,58430,리노공업,2025,372534084608.0,176997188289.0,151960670406.0,20.78,19.19,47.51,52.18,4.67,47.82,8.3,92.33,27254.14,0.47,11.48,7.05,60236331180.0,16.17,119232515194.0,32.01,179468846374.0,45537360000.0,29.03
126380,5930,삼성전자,2023,258935494000000.0,6566976000000.0,15487100000000.0,4.26,3.4,2.54,30.33,27.8,69.67,25.36,79.77,0.52,0.57,3.49,7.07,60534167000000.0,23.38,-16396740000000.0,-6.33,44137427000000.0,9864474000000.0,46.06
126380,5930,삼성전자,2024,300870903000000.0,32725961000000.0,34451351000000.0,8.57,6.7,10.88,37.99,27.12,62.01,27.93,78.17,2.52,0.58,3.6,6.9,53741639000000.0,17.86,19240982000000.0,6.4,72982621000000.0,10888749000000.0,44.64
126380,5930,삼성전자,2025,333605938000000.0,43601051000000.0,45206805000000.0,10.36,7.97,13.07,39.38,26.31,60.62,29.94,76.96,3.72,0.59,3.84,6.52,52153149000000.0,15.63,33161999000000.0,9.94,85315148000000.0,9897183000000.0,43.18
1095722,58650,심텍,2023,1041895724977.0,-88124119458.0,-115143871777.0,-24.48,-9.79,-8.46,2.73,11.19,97.27,149.99,40.0,-1.42,0.89,7.14,3.65,140452395452.0,13.48,-233853109263.0,-22.44,-93400713811.0,15922938500.0,55.38
1095722,58650,심텍,2024,1231421381070.0,-46969220820.0,-31044704373.0,-6.92,-2.15,-3.81,4.22,8.03,95.78,221.82,31.07,-0.58,0.85,7.66,2.93,103602286141.0,8.41,-264859982684.0,-21.51,-161257696543.0,5095340320.0,45.68
1095722,58650,심텍,2025,1410559919451.0,11868602919.0,-164580357473.0,-28.55,-10.16,0.84,8.75,7.91,91.25,181.13,35.57,0.05,0.87,5.37,2.31,56393883078.0,4.0,-255005833696.0,-18.08,-198611950618.0,4184587700.0,37.13
411048,34230,에스앤에스텍,2023,150320408224.0,25039402690.0,25854851119.0,11.71,10.07,16.66,31.03,14.37,68.97,16.29,85.99,7.53,0.59,5.24,4.46,21333105393.0,14.19,4224600803.0,2.81,25557706196.0,3124540500.0,45.91
411048,34230,에스앤에스텍,2024,176013891367.0,29478688017.0,30313647619.0,12.28,10.21,16.75,33.8,17.05,66.2,20.33,83.1,10.64,0.59,3.7,4.71,19851078112.0,11.28,16197250977.0,9.2,36048329089.0,3154540500.0,42.73
411048,34230,에스앤에스텍,2025,243733252593.0,50389752346.0,58092807910.0,19.09,14.78,20.67,34.72,14.04,65.28,29.18,77.41,9.65,0.62,4.92,4.19,64473291305.0,26.45,-17591245132.0,-7.22,46882046173.0,3124440600.0,46.33
1109539,41920,와이씨,2023,255182306180.0,8571578913.0,12879225237.0,3.52,2.68,3.36,19.35,15.99,80.65,31.29,76.17,2.2,0.53,3.26,36.45,83880138497.0,32.87,-59798410617.0,-23.43,24081727880.0,0.0,47.42
1109539,41920,와이씨,2024,211241210832.0,10599506307.0,12926037556.0,3.09,2.24,5.02,27.67,22.65,72.33,37.93,72.5,0.71,0.37,1.18,15.29,26984065297.0,12.77,-50536836520.0,-23.92,-23552771223.0,0.0,42.65
1109539,41920,와이씨,2025,272629978227.0,16989848287.0,28984367217.0,6.09,4.77,6.23,26.27,20.04,73.73,27.51,78.43,1.54,0.45,2.4,20.82,16644390074.0,6.11,24548396143.0,9.0,41192786217.0,0.0,40.69
1135941,240810,원익IPS,2023,690337586778.0,-18074991250.0,-13507700947.0,-1.56,-1.25,-2.62,39.97,18.75,60.03,25.17,79.89,-4.61,0.64,1.22,9.35,64566846697.0,9.35,-76882029734.0,-11.14,-12315183037.0,9581070390.0,34.66
1135941,240810,원익IPS,2024,748176487524.0,10641636214.0,20748346848.0,2.34,1.85,1.42,39.07,16.77,60.93,26.67,78.95,0.93,0.67,1.35,7.51,31756103666.0,4.24,46524400785.0,6.22,78280504451.0,0.0,32.14
1135941,240810,원익IPS,2025,909795691103.0,73814129967.0,84028556164.0,8.66,7.22,8.11,42.08,15.56,57.92,20.06,83.29,107.15,0.78,1.93,12.67,32003350977.0,3.52,124603677379.0,13.7,156607028356.0,2432778850.0,30.07
531014,39440,유진테크,2023,276533350776.0,24325728964.0,25397015593.0,6.89,5.81,8.8,45.44,36.64,54.56,18.59,84.32,49.65,0.63,1.48,33.22,11847134802.0,4.28,35846753992.0,12.96,47693888794.0,5994627270.0,29.23
531014,39440,유진테크,2024,338067812312.0,61177012897.0,65440277257.0,15.02,12.13,18.1,49.01,30.92,50.99,23.81,80.77,38.89,0.63,1.6,7.55,10541803711.0,3.12,50960865830.0,15.07,61502669541.0,4441464650.0,24.12
531014,39440,유진테크,2025,350324287104.0,51671713116.0,44481997780.0,9.05,7.66,14.75,48.8,34.05,51.2,18.16,84.63,35.26,0.6,1.96,8.7,21800571197.0,6.22,44676247043.0,12.75,66476818240.0,5112974350.0,23.35
246417,11930,이오테크닉스,2023,316384019477.0,28334755251.0,36393252840.0,6.47,5.95,8.96,26.91,17.95,73.09,8.75,91.95,2.45,0.52,1.71,3.79,6233870463.0,1.97,25349560527.0,8.01,31583430990.0,12102153000.0,18.38
246417,11930,이오테크닉스,2024,320945496298.0,31201085341.0,42670270031.0,7.08,6.53,9.72,27.74,18.02,72.26,8.29,92.35,3.85,0.49,2.06,3.18,64008894879.0,19.94,-8647784112.0,-2.69,55361110767.0,5445968850.0,21.27
246417,11930,이오테크닉스,2025,380890608578.0,80753274993.0,57564773290.0,8.37,7.4,21.2,36.52,15.32,63.48,13.06,88.45,4.38,0.49,2.1,4.33,4080135163.0,1.07,96207641419.0,25.26,100287776582.0,6051076500.0,19.84
447487,90460,제주반도체,2023,145899793599.0,17838425308.0,16919765330.0,10.67,8.52,12.23,25.78,13.56,74.22,25.29,79.81,23.12,0.73,1.49,2.24,1870189813.0,1.28,640670112.0,0.44,2510859925.0,0.0,2.39
447487,90460,제주반도체,2024,162349945455.0,9581360274.0,19405207353.0,10.53,8.61,5.9,21.81,15.91,78.19,22.36,81.73,11.87,0.72,1.27,2.49,2853816163.0,1.76,-12535903389.0,-7.72,-9682087226.0,1080000000.0,2.52
447487,90460,제주반도체,2025,302230571186.0,35873972312.0,39499088944.0,17.39,11.76,11.87,21.16,9.29,78.84,47.94,67.59,23.72,0.9,2.52,3.03,2724757610.0,0.9,22830145551.0,7.55,25554903161.0,0.0,1.95
252135,36930,주성엔지니어링,2023,284745246660.0,28937462812.0,34000802285.0,6.61,4.22,10.16,52.72,42.55,47.28,56.44,63.92,7.22,0.35,1.66,16.71,14431416647.0,5.07,-13544786944.0,-4.76,886629703.0,9231716034.0,36.78
252135,36930,주성엔지니어링,2024,409393371588.0,97196211588.0,106814110967.0,18.85,10.82,23.74,60.81,37.07,39.19,74.17,57.42,26.67,0.41,1.59,14.27,30999739416.0,7.57,193672990747.0,47.31,224672730163.0,2363416050.0,31.77
252135,36930,주성엔지니어링,2025,310692584812.0,31257811742.0,35693416702.0,6.05,4.02,10.06,57.07,47.01,42.93,50.37,66.5,8.04,0.35,2.23,25.79,39882652553.0,12.84,-70560812691.0,-22.71,-30678160138.0,13114155614.0,37.61
1261893,63770,케이씨텍,2023,286909703428.0,32703769328.0,31700589259.0,7.0,6.34,11.4,34.29,22.89,65.71,10.46,90.53,159.03,0.57,2.26,12.16,13713625643.0,4.78,12872837406.0,4.49,26586463049.0,5072515250.0,20.75
1261893,63770,케이씨텍,2024,385433971366.0,49783492468.0,52685900043.0,10.93,9.59,12.92,32.12,19.2,67.88,13.97,87.75,261.73,0.7,4.03,12.48,11980566732.0,3.11,87933630789.0,22.81,99914197521.0,3652210980.0,18.31
1261893,63770,케이씨텍,2025,382856574357.0,59965538593.0,53392149112.0,10.07,8.89,15.66,37.22,21.56,62.78,13.25,88.3,468.74,0.64,2.87,14.01,28624647219.0,7.48,31532741701.0,8.24,60157388920.0,5326738470.0,19.46
997812,54450,코미코,2023,307266896921.0,33028446745.0,45511244117.0,15.8,7.66,10.75,37.97,27.18,62.03,106.23,48.49,3.07,0.52,5.49,7.68,33610526077.0,10.94,31555716129.0,10.27,65166242206.0,9940569000.0,47.83
997812,54450,코미코,2024,507138644286.0,112461653836.0,87845843289.0,23.38,10.98,22.18,46.3,24.04,53.7,113.02,46.94,7.38,0.63,6.1,7.69,155807052841.0,30.72,-40178001744.0,-7.92,115629051097.0,6993809400.0,51.66
997812,54450,코미코,2025,604110117086.0,110992280574.0,77237204024.0,20.89,7.5,18.37,43.14,24.5,56.86,178.59,35.9,3.77,0.59,5.86,7.18,219722124141.0,36.37,-181500754425.0,-30.04,38221369716.0,15854315810.0,63.3
1366000,323280,태성,2023,33338955327.0,-685706946.0,-1416588755.0,-4.59,-2.49,-2.06,15.64,17.7,84.36,84.44,54.22,-1.07,0.59,2.54,3.72,4159872322.0,12.48,3724117530.0,11.17,7883989852.0,0.0,44.61
1366000,323280,태성,2024,59212420040.0,6037657086.0,5968175094.0,14.56,7.5,10.2,24.59,14.39,75.41,94.26,51.48,11.1,0.74,5.76,4.75,21257371589.0,35.9,-16770523329.0,-28.32,4486848260.0,0.0,56.98
1366000,323280,태성,2025,37859245040.0,-2506348104.0,-2537179508.0,-1.98,-1.47,-6.62,20.18,26.8,79.82,34.7,74.24,-8.55,0.22,2.47,2.85,40089736286.0,105.89,-49838462284.0,-131.64,-9748725998.0,0.0,53.46
535676,204940,테크윙,2023,133604260260.0,3160487054.0,-11097331447.0,-5.15,-2.28,2.37,37.09,34.72,62.91,125.38,44.37,0.49,0.27,1.03,3.28,53156721996.0,39.79,-32785204732.0,-24.54,20371517264.0,4646261620.0,60.01
535676,204940,테크윙,2024,185507171034.0,23411077264.0,-21970453220.0,-11.67,-4.34,12.62,38.54,25.92,61.46,168.83,37.2,1.46,0.37,1.44,4.21,54009419996.0,29.11,-21287142372.0,-11.48,32722277624.0,4646261620.0,48.15
535676,204940,테크윙,2025,159128398402.0,15837572847.0,8996126448.0,4.24,1.42,9.95,42.23,32.27,57.77,198.75,33.47,1.15,0.25,0.81,3.86,30859754604.0,19.39,-46948808391.0,-29.5,-16089053787.0,4646261620.0,42.16
245472,36620,티씨케이,2023,226652881531.0,66702958305.0,61244566663.0,13.36,12.36,29.43,40.56,11.1,59.44,8.12,92.49,2417.34,0.46,2.04,5.58,46924455088.0,20.7,-25944812415.0,-11.45,20979642673.0,19847500000.0,32.17
245472,36620,티씨케이,2024,275724843444.0,80747924196.0,71994036570.0,13.95,12.78,29.29,37.77,8.45,62.23,9.16,91.61,2525.64,0.49,2.49,5.79,7131703093.0,2.59,67285469421.0,24.4,74417172514.0,14010000000.0,27.05
245472,36620,티씨케이,2025,301334302844.0,83887319363.0,69902724552.0,13.46,12.32,27.84,36.43,8.59,63.57,9.3,91.49,2262.21,0.53,2.25,6.59,4578659307.0,1.52,49532775005.0,16.44,54111434312.0,16461750000.0,25.32
1292291,224110,파두,2023,22470905715.0,-58569439226.0,-56832521397.0,-30.5,-23.32,-260.65,49.38,310.02,50.62,30.76,76.48,-24.64,0.09,0.65,13.9,10926728372.0,48.63,-53091558711.0,-236.27,-42164830339.0,0.0,13.63
1292291,224110,파두,2024,43502744974.0,-95048300908.0,-91508531301.0,-93.43,-68.07,-218.49,13.26,231.75,86.74,37.25,72.86,-27.54,0.32,1.2,3.13,4864622867.0,11.18,-113704944427.0,-261.37,-108840321560.0,0.0,16.07
1292291,224110,파두,2025,92419333233.0,-65469985712.0,-76218175613.0,-385.05,-62.26,-70.84,47.24,118.08,52.76,518.5,16.17,-4.28,0.75,1.18,16.11,3986019991.0,4.31,-7689561860.0,-8.32,-3703541869.0,0.0,12.1
1365825,66800,피에스케이,2023,351863805650.0,54118591422.0,52520188202.0,13.38,10.62,15.38,46.78,31.4,53.22,25.94,79.4,4.96,0.71,1.6,9.26,26124402786.0,7.42,24157067229.0,6.87,50281470015.0,11586685600.0,16.26
1365825,66800,피에스케이,2024,398050977575.0,83924423263.0,79128216285.0,16.77,13.9,21.08,52.66,31.57,47.34,20.7,82.85,7.34,0.7,1.74,6.65,27315322203.0,6.86,39926104990.0,10.03,67241427193.0,5793342800.0,18.04
1365825,66800,피에스케이,2025,457213151918.0,88494057075.0,78545663379.0,14.57,12.16,19.36,48.82,29.47,51.18,19.84,83.44,5.48,0.71,2.25,4.58,18533513572.0,4.05,43197623309.0,9.45,61731136881.0,11586685600.0,17.4
208444,20960,피에스케이홀딩스,2023,94716683944.0,26970755131.0,42696378649.0,12.51,10.64,28.48,61.09,32.62,38.91,17.62,85.02,12.74,0.24,2.08,5.91,18366790124.0,19.39,14091542770.0,14.88,32458332894.0,10187398000.0,14.99
208444,20960,피에스케이홀딩스,2024,215508095005.0,88482980891.0,95820109996.0,22.21,18.66,41.06,63.02,21.96,36.98,19.03,84.01,9.97,0.42,2.79,5.62,285104432.0,0.13,66340111508.0,30.78,66625215940.0,12937437000.0,16.17
208444,20960,피에스케이홀딩스,2025,207764042799.0,73400914769.0,91684937183.0,18.11,15.68,35.33,62.85,27.52,37.15,15.5,86.58,10.34,0.36,2.91,7.57,2188813255.0,1.05,79228459016.0,38.13,81417272271.0,15093676500.0,13.42
938721,39030,필옵틱스,2023,300001066109.0,10265296884.0,-43359457048.0,-24.52,-9.62,3.42,14.55,11.13,85.45,154.96,39.22,0.17,0.67,2.15,18.92,32342432960.0,10.78,78751474493.0,26.25,111093907453.0,3654690714.0,30.4
938721,39030,필옵틱스,2024,410893768511.0,13796035047.0,28841292819.0,14.46,7.54,3.36,16.93,13.57,83.07,91.87,52.12,3.7,1.07,5.17,16.85,11966609565.0,2.91,-51361172109.0,-12.5,-39394562544.0,3220547584.0,37.43
938721,39030,필옵틱스,2025,103440867014.0,-34892060535.0,-26429550668.0,-13.79,-6.89,-33.73,7.71,41.44,92.29,100.09,49.98,-7.66,0.27,1.66,4.47,14267960986.0,13.79,-4744079990.0,-4.59,9523880996.0,828560860.0,39.1
445054,81370,하나마이크론,2023,967971484717.0,57904676214.0,963094987.0,0.18,0.06,5.98,13.11,7.13,86.89,216.89,31.56,0.99,0.56,4.95,12.01,330985034836.0,34.19,-247869940268.0,-25.61,83115094568.0,6086456750.0,60.19
445054,81370,하나마이크론,2024,1250692575645.0,106792878899.0,-11157290055.0,-1.84,-0.57,8.54,15.2,6.67,84.8,220.99,31.15,0.87,0.64,6.42,5.76,152851513081.0,12.22,-111880483192.0,-8.95,40971029889.0,4780167350.0,55.18
445054,81370,하나마이크론,2025,1534418874072.0,127689329155.0,65578519945.0,10.05,3.25,8.32,13.84,5.51,86.16,209.16,32.35,1.45,0.76,5.35,5.92,150629250001.0,9.82,24289644575.0,1.58,174918894576.0,7448200680.0,52.44
660750,205470,하나머티리얼즈,2023,233576716299.0,41282810386.0,34193789438.0,8.55,5.08,17.67,28.28,10.6,71.72,68.27,59.43,10.23,0.35,2.21,16.26,121868006266.0,52.17,-77672366689.0,-33.25,44195639577.0,5856120600.0,53.4
660750,205470,하나머티리얼즈,2024,251646191336.0,43411736320.0,31756594796.0,8.98,5.53,17.25,29.58,12.33,70.42,62.21,61.65,5.5,0.44,2.79,8.88,43483939012.0,17.28,32199963579.0,12.8,75683902591.0,3904080400.0,61.77
660750,205470,하나머티리얼즈,2025,273481969679.0,50081056398.0,38375641020.0,8.28,5.6,18.31,31.11,12.8,68.89,47.86,67.63,14.18,0.4,2.96,8.29,20320689502.0,7.43,48222363017.0,17.63,68543052519.0,4870055750.0,51.98
161383,42700,한미반도체,2023,159008528366.0,34571410992.0,267167515858.0,46.72,36.91,21.74,49.94,18.22,50.06,26.57,79.01,3.4,0.22,0.83,3.91,27615344962.0,17.37,17375462476.0,10.93,44990807438.0,19467860400.0,18.1
161383,42700,한미반도체,2024,558917191547.0,255391604854.0,152614498001.0,28.22,21.47,45.69,56.27,7.38,43.73,31.43,76.09,42.02,0.79,1.59,3.81,53786978690.0,9.62,87576840890.0,15.67,141363819580.0,40521474840.0,25.23
161383,42700,한미반도체,2025,576684619527.0,251390142142.0,214007548411.0,31.0,26.31,43.59,57.58,10.63,42.42,17.82,84.88,24.39,0.71,1.63,9.25,93735028436.0,16.25,134891731344.0,23.39,228626759780.0,68294161440.0,32.15
