market_cap_rank,stock_code,corp_name,corp_code,fs_div,bsns_year,source,period,depreciation_expense,label_ko,concept_id,is_combined_with_intangible,note_table_code
1,005930,삼성전자,00126380,CFS,2025,xbrl,20250101-20251231,43605740000000.0,감가상각비,ifrs-full_DepreciationExpense,False,D834300
1,005930,삼성전자,00126380,CFS,2025,xbrl,20240101-20241231,39649982000000.0,감가상각비,ifrs-full_DepreciationExpense,False,D834300
2,000660,SK하이닉스,00164779,CFS,2025,html_fallback,20250101-20251231,13889639000000.0,감가상각비 및 무형자산 상각,,True,html:26. 비용의 성격별 분류 (연결)
2,000660,SK하이닉스,00164779,CFS,2025,html_fallback,20240101-20241231,12544767000000.0,감가상각비 및 무형자산 상각,,True,html:26. 비용의 성격별 분류 (연결)
3,402340,SK스퀘어,01596425,CFS,2025,xbrl,20250101-20251231,74572000000.0,감가상각비,ifrs-full_DepreciationAndAmortisationExpense,False,D320000
3,402340,SK스퀘어,01596425,CFS,2025,xbrl,20240101-20241231,89011000000.0,감가상각비,ifrs-full_DepreciationAndAmortisationExpense,False,D320000
3,402340,SK스퀘어,01596425,CFS,2025,xbrl,20230101-20231231,82353000000.0,감가상각비,ifrs-full_DepreciationAndAmortisationExpense,False,D320000
5,009150,삼성전기,00126371,CFS,2025,xbrl,20250101-20251231,863214000000.0,감가상각비,ifrs-full_DepreciationExpense,False,D834300
5,009150,삼성전기,00126371,CFS,2025,xbrl,20240101-20241231,763889000000.0,감가상각비,ifrs-full_DepreciationExpense,False,D834300
6,005380,현대차,00164742,CFS,2025,html_fallback,20250101-20251231,3744754000000.0,감가상각비,,False,html:29. 비용의 성격별 분류 (연결)
6,005380,현대차,00164742,CFS,2025,html_fallback,20240101-20241231,3397606000000.0,감가상각비,,False,html:29. 비용의 성격별 분류 (연결)
7,373220,LG에너지솔루션,01515323,CFS,2025,html_fallback,20250101-20251231,3691250000000.0,"감가상각비, 무형자산상각비",,True,html:22. 비용의 성격별 분류 (연결)
7,373220,LG에너지솔루션,01515323,CFS,2025,html_fallback,20240101-20241231,3045784000000.0,"감가상각비, 무형자산상각비",,True,html:22. 비용의 성격별 분류 (연결)
9,028260,삼성물산,00149655,CFS,2025,xbrl,20250101-20251231,1058309000000.0,감가상각비 및  무형자산상각비,ifrs-full_DepreciationAndAmortisationExpense,True,D834300
9,028260,삼성물산,00149655,CFS,2025,xbrl,20240101-20241231,933088000000.0,감가상각비 및  무형자산상각비,ifrs-full_DepreciationAndAmortisationExpense,True,D834300
9,028260,삼성물산,00149655,CFS,2025,xbrl,20250101-20251231,129022000000.0,사용권자산 감가상각비,ifrs-full_DepreciationRightofuseAssets,False,D834300
9,028260,삼성물산,00149655,CFS,2025,xbrl,20240101-20241231,129950000000.0,사용권자산 감가상각비,ifrs-full_DepreciationRightofuseAssets,False,D834300
10,207940,삼성바이오로직스,00877059,CFS,2025,html_fallback,20250101-20251231,359725574807.0,총 감가상각비 및 무형자산상각비,,True,html:25. 비용의 성격별 분류 (연결)
10,207940,삼성바이오로직스,00877059,CFS,2025,html_fallback,20240101-20241231,290321024668.0,총 감가상각비 및 무형자산상각비,,True,html:25. 비용의 성격별 분류 (연결)
12,000270,기아,00106641,CFS,2025,html_fallback,20250101-20251231,2069854000000.0,감가상각비,,False,html:31. 비용의 성격별 분류 (연결)
12,000270,기아,00106641,CFS,2025,html_fallback,20240101-20241231,2009751000000.0,감가상각비,,False,html:31. 비용의 성격별 분류 (연결)
13,329180,HD현대중공업,01390344,CFS,2025,xbrl,20250101-20251231,15136000000.0,사용권자산 감가상각비,ifrs-full_DepreciationRightofuseAssets,False,D834300
13,329180,HD현대중공업,01390344,CFS,2025,xbrl,20240101-20241231,14911000000.0,사용권자산 감가상각비,ifrs-full_DepreciationRightofuseAssets,False,D834300
15,034020,두산에너빌리티,00159616,CFS,2025,html_fallback,20250101-20251231,557327000000.0,감가상각비 및 무형자산상각비,,True,html:27. 비용의 성격별 분류 (연결)
15,034020,두산에너빌리티,00159616,CFS,2025,html_fallback,20240101-20241231,491031000000.0,감가상각비 및 무형자산상각비,,True,html:27. 비용의 성격별 분류 (연결)
17,034730,SK,00181712,CFS,2025,html_fallback,20250101-20251231,8271410000000.0,감가상각비와 무형자산상각비,,True,html:32. 비용의 성격별 분류 (연결)
17,034730,SK,00181712,CFS,2025,html_fallback,20240101-20241231,8285815000000.0,감가상각비와 무형자산상각비,,True,html:32. 비용의 성격별 분류 (연결)
18,012330,현대모비스,00164788,CFS,2025,html_fallback,20250101-20251231,1167864000000.0,총 감가상각비 및 무형자산상각비,,True,html:30. 비용의 성격별 분류 (연결)
18,012330,현대모비스,00164788,CFS,2025,html_fallback,20240101-20241231,984646000000.0,총 감가상각비 및 무형자산상각비,,True,html:30. 비용의 성격별 분류 (연결)
19,068270,셀트리온,00413046,CFS,2025,xbrl,20250101-20251231,92768304000.0,감가상각비,ifrs-full_DepreciationExpense,False,D834300
19,068270,셀트리온,00413046,CFS,2025,xbrl,20240101-20241231,72604058000.0,감가상각비,ifrs-full_DepreciationExpense,False,D834300
20,006400,삼성SDI,00126362,CFS,2025,xbrl,20250101-20251231,2009935849000.0,감가상각비,ifrs-full_DepreciationExpense,False,D834300
20,006400,삼성SDI,00126362,CFS,2025,xbrl,20240101-20241231,1772839439000.0,감가상각비,ifrs-full_DepreciationExpense,False,D834300
22,267260,HD현대일렉트릭,01205851,CFS,2025,xbrl,20250101-20251231,48643000000.0,유형자산감가상각비,ifrs-full_DepreciationPropertyPlantAndEquipment,False,D834300
22,267260,HD현대일렉트릭,01205851,CFS,2025,xbrl,20240101-20241231,42803000000.0,유형자산감가상각비,ifrs-full_DepreciationPropertyPlantAndEquipment,False,D834300
22,267260,HD현대일렉트릭,01205851,CFS,2025,xbrl,20250101-20251231,16383000000.0,사용권자산감가상각비,ifrs-full_DepreciationRightofuseAssets,False,D834300
22,267260,HD현대일렉트릭,01205851,CFS,2025,xbrl,20240101-20241231,13576000000.0,사용권자산감가상각비,ifrs-full_DepreciationRightofuseAssets,False,D834300
24,010120,LS ELECTRIC,00105855,CFS,2025,xbrl,20250101-20251231,132221000000.0,감가상각비와 무형자산상각비,ifrs-full_DepreciationAndAmortisationExpense,True,D834300
24,010120,LS ELECTRIC,00105855,CFS,2025,xbrl,20240101-20241231,113769000000.0,감가상각비와 무형자산상각비,ifrs-full_DepreciationAndAmortisationExpense,True,D834300
25,066570,LG전자,00401731,CFS,2025,xbrl,20250101-20251231,3603863000000.0,감가상각비 및 무형자산상각비,ifrs-full_DepreciationAndAmortisationExpense,True,D834300
25,066570,LG전자,00401731,CFS,2025,xbrl,20240101-20241231,3535432000000.0,감가상각비 및 무형자산상각비,ifrs-full_DepreciationAndAmortisationExpense,True,D834300
27,042660,한화오션,00111704,CFS,2025,xbrl,20250101-20251231,162765000000.0,감가상각비,ifrs-full_DepreciationPropertyPlantAndEquipment,False,D834300
27,042660,한화오션,00111704,CFS,2025,xbrl,20240101-20241231,133635000000.0,감가상각비,ifrs-full_DepreciationPropertyPlantAndEquipment,False,D834300
28,298040,효성중공업,01316245,CFS,2025,xbrl,20250101-20251231,85961000000.0,감가상각비 및 무형자산상각비,ifrs-full_DepreciationAndAmortisationExpense,True,D834300
28,298040,효성중공업,01316245,CFS,2025,xbrl,20240101-20241231,72868000000.0,감가상각비 및 무형자산상각비,ifrs-full_DepreciationAndAmortisationExpense,True,D834300
29,009540,HD한국조선해양,00164830,CFS,2025,xbrl,20250101-20251231,43564000000.0,사용권자산 감가상각비,ifrs-full_DepreciationRightofuseAssets,False,D834300
29,009540,HD한국조선해양,00164830,CFS,2025,xbrl,20240101-20241231,36635000000.0,사용권자산 감가상각비,ifrs-full_DepreciationRightofuseAssets,False,D834300
30,005490,POSCO홀딩스,00155319,CFS,2025,html_fallback,20250101-20251231,3693288000000.0,감가상각비,,False,html:34. 비용의 성격별 분류 (연결)
30,005490,POSCO홀딩스,00155319,CFS,2025,html_fallback,20240101-20241231,3530770000000.0,감가상각비,,False,html:34. 비용의 성격별 분류 (연결)
31,015760,한국전력,00159193,CFS,2025,xbrl,20250101-20251231,13625485000000.0,감가상각비,ifrs-full_DepreciationExpense,False,D834300
31,015760,한국전력,00159193,CFS,2025,xbrl,20240101-20241231,13829464000000.0,감가상각비,ifrs-full_DepreciationExpense,False,D834300
34,010130,고려아연,00102858,CFS,2025,html_fallback,20250101-20251231,337897633000.0,감가상각비,,False,html:29.3 영업이익 - 비용의 성격별 분류 (연결)
34,010130,고려아연,00102858,CFS,2025,html_fallback,20240101-20241231,333154946000.0,감가상각비,,False,html:29.3 영업이익 - 비용의 성격별 분류 (연결)
35,000150,두산,00117212,CFS,2025,html_fallback,20250101-20251231,808699000000.0,감가상각비와 무형자산상각비,,True,html:26. 비용의 성격별 분류 (연결)
35,000150,두산,00117212,CFS,2025,html_fallback,20240101-20241231,767216000000.0,감가상각비와 무형자산상각비,,True,html:26. 비용의 성격별 분류 (연결)
36,064350,현대로템,00302926,CFS,2025,html_fallback,20250101-20251231,39475890000.0,감가상각비,,False,html:31. 비용의 성격별 분류 (연결)
36,064350,현대로템,00302926,CFS,2025,html_fallback,20240101-20241231,32566039000.0,감가상각비,,False,html:31. 비용의 성격별 분류 (연결)
37,042700,한미반도체,00161383,CFS,2025,html_fallback,20250101-20251231,11554193000.0,감가상각비와 상각비,,False,html:27. 비용의 성격별 분류 - 연결 (연결)
37,042700,한미반도체,00161383,CFS,2025,html_fallback,20240101-20241231,9772008000.0,감가상각비와 상각비,,False,html:27. 비용의 성격별 분류 - 연결 (연결)
39,011070,LG이노텍,00105961,CFS,2025,html_fallback,20250101-20251231,1150301000000.0,감가상각비와 무형자산상각비,,True,html:24. 비용의 성격별 분류 (연결)
39,011070,LG이노텍,00105961,CFS,2025,html_fallback,20240101-20241231,1280018000000.0,감가상각비와 무형자산상각비,,True,html:24. 비용의 성격별 분류 (연결)
42,051910,LG화학,00356361,CFS,2025,xbrl,20250101-20251231,5247870000000.0,감가상각비 및 무형자산 상각비,ifrs-full_DepreciationAndAmortisationExpense,True,D834300
42,051910,LG화학,00356361,CFS,2025,xbrl,20240101-20241231,4654461000000.0,감가상각비 및 무형자산 상각비,ifrs-full_DepreciationAndAmortisationExpense,True,D834300
43,011200,HMM,00164645,CFS,2025,html_fallback,20250101-20251231,1116014000000.0,감가상각비 등,,False,html:34. 비용의 성격별 분류 (연결)
43,011200,HMM,00164645,CFS,2025,html_fallback,20240101-20241231,902996000000.0,감가상각비 등,,False,html:34. 비용의 성격별 분류 (연결)
44,017670,SK텔레콤,00159023,CFS,2025,xbrl,20250101-20251231,3467134000000.0,감가상각비,ifrs-full_DepreciationExpense,False,D320000
44,017670,SK텔레콤,00159023,CFS,2025,xbrl,20240101-20241231,3560374000000.0,감가상각비,ifrs-full_DepreciationExpense,False,D320000
44,017670,SK텔레콤,00159023,CFS,2025,xbrl,20230101-20231231,3614766000000.0,감가상각비,ifrs-full_DepreciationExpense,False,D320000
45,079550,LIG디펜스앤에어로스페이스,00503668,CFS,2025,xbrl,20250101-20251231,88761595000.0,"감가상각비, 유형자산",ifrs-full_DepreciationPropertyPlantAndEquipment,False,D834300
45,079550,LIG디펜스앤에어로스페이스,00503668,CFS,2025,xbrl,20240101-20241231,68072317000.0,"감가상각비, 유형자산",ifrs-full_DepreciationPropertyPlantAndEquipment,False,D834300
48,267250,HD현대,01205709,CFS,2025,xbrl,20250101-20251231,409514000000.0,"감가상각비, 사용권자산",ifrs-full_DepreciationRightofuseAssets,False,D834305
48,267250,HD현대,01205709,CFS,2025,xbrl,20240101-20241231,362600000000.0,"감가상각비, 사용권자산",ifrs-full_DepreciationRightofuseAssets,False,D834305
49,018260,삼성에스디에스,00126186,CFS,2025,xbrl,20250101-20251231,259206729000.0,사용권자산 감가상각비,ifrs-full_DepreciationRightofuseAssets,False,D834300
49,018260,삼성에스디에스,00126186,CFS,2025,xbrl,20240101-20241231,246248967000.0,사용권자산 감가상각비,ifrs-full_DepreciationRightofuseAssets,False,D834300
51,047810,한국항공우주,00309503,CFS,2025,html_fallback,20250101-20251231,111021144000.0,감가상각비 및 무형자산상각비,,True,html:27. 비용의 성격별 분류 (연결)
51,047810,한국항공우주,00309503,CFS,2025,html_fallback,20240101-20241231,103878432000.0,감가상각비 및 무형자산상각비,,True,html:27. 비용의 성격별 분류 (연결)
52,003550,LG,00120021,CFS,2025,xbrl,20250101-20251231,231191000000.0,감가상각비와 무형자산상각비,ifrs-full_DepreciationAndAmortisationExpense,True,D834300
52,003550,LG,00120021,CFS,2025,xbrl,20240101-20241231,193902000000.0,감가상각비와 무형자산상각비,ifrs-full_DepreciationAndAmortisationExpense,True,D834300
53,278470,에이피알,01190568,CFS,2025,xbrl,20250101-20251231,7570992000.0,"감가상각비, 유형자산",ifrs-full_DepreciationPropertyPlantAndEquipment,False,D834300
53,278470,에이피알,01190568,CFS,2025,xbrl,20240101-20241231,6289662000.0,"감가상각비, 유형자산",ifrs-full_DepreciationPropertyPlantAndEquipment,False,D834300
53,278470,에이피알,01190568,CFS,2025,xbrl,20250101-20251231,21554738000.0,"감가상각비, 사용권자산",ifrs-full_DepreciationRightofuseAssets,False,D834300
53,278470,에이피알,01190568,CFS,2025,xbrl,20240101-20241231,15318804000.0,"감가상각비, 사용권자산",ifrs-full_DepreciationRightofuseAssets,False,D834300
54,086280,현대글로비스,00360595,CFS,2025,html_fallback,20250101-20251231,754535530000.0,감가상각비,,False,html:23. 비용의 성격별 분류 (연결)
54,086280,현대글로비스,00360595,CFS,2025,html_fallback,20240101-20241231,655016593000.0,감가상각비,,False,html:23. 비용의 성격별 분류 (연결)
55,010950,S-Oil,00138279,CFS,2025,html_fallback,20250101-20251231,720944000000.0,감가상각비 및 무형자산 상각비,,True,html:34. 비용의 성격별 분류 (연결)
55,010950,S-Oil,00138279,CFS,2025,html_fallback,20240101-20241231,694905000000.0,감가상각비 및 무형자산 상각비,,True,html:34. 비용의 성격별 분류 (연결)
56,003670,포스코퓨처엠,00155276,CFS,2025,xbrl,20250101-20251231,22661140000.0,"감가상각비, 사용권자산",ifrs-full_DepreciationRightofuseAssets,False,D834300
56,003670,포스코퓨처엠,00155276,CFS,2025,xbrl,20240101-20241231,20791451000.0,"감가상각비, 사용권자산",ifrs-full_DepreciationRightofuseAssets,False,D834300
59,272210,한화시스템,00339391,CFS,2025,xbrl,20250101-20251231,105303346000.0,"감가상각비, 유형자산",ifrs-full_DepreciationPropertyPlantAndEquipment,False,D834300
59,272210,한화시스템,00339391,CFS,2025,xbrl,20240101-20241231,59999155000.0,"감가상각비, 유형자산",ifrs-full_DepreciationPropertyPlantAndEquipment,False,D834300
59,272210,한화시스템,00339391,CFS,2025,xbrl,20250101-20251231,35833114000.0,"감가상각비, 사용권자산",ifrs-full_DepreciationRightofuseAssets,False,D834300
59,272210,한화시스템,00339391,CFS,2025,xbrl,20240101-20241231,32304746000.0,"감가상각비, 사용권자산",ifrs-full_DepreciationRightofuseAssets,False,D834300
60,307950,현대오토에버,00362441,CFS,2025,xbrl,20250101-20251231,53105028000.0,감가상각비,ifrs-full_DepreciationExpense,False,D834300
60,307950,현대오토에버,00362441,CFS,2025,xbrl,20240101-20241231,34065927000.0,감가상각비,ifrs-full_DepreciationExpense,False,D834300
61,000720,현대건설,00164478,CFS,2025,html_fallback,20250101-20251231,189641000000.0,감가상각비,,False,html:28. 비용항목의 성격별 분류 (연결)
61,000720,현대건설,00164478,CFS,2025,html_fallback,20240101-20241231,211867000000.0,감가상각비,,False,html:28. 비용항목의 성격별 분류 (연결)
65,003490,대한항공,00113526,CFS,2025,xbrl,20250101-20251231,2855164000000.0,감가상각비 및 무형자산상각비,ifrs-full_DepreciationAndAmortisationExpense,True,D834300
65,003490,대한항공,00113526,CFS,2025,xbrl,20240101-20241231,1796030000000.0,감가상각비 및 무형자산상각비,ifrs-full_DepreciationAndAmortisationExpense,True,D834300
66,006260,LS,00105952,CFS,2025,html_fallback,20250101-20251231,518954000000.0,감가상각비와 무형자산상각비,,True,html:29. 비용의 성격별 분류 (연결)
66,006260,LS,00105952,CFS,2025,html_fallback,20240101-20241231,484946000000.0,감가상각비와 무형자산상각비,,True,html:29. 비용의 성격별 분류 (연결)
71,028050,삼성E&A,00126308,CFS,2025,xbrl,20250101-20251231,47145000000.0,감가상각비,ifrs-full_DepreciationExpense,False,D834300
71,028050,삼성E&A,00126308,CFS,2025,xbrl,20240101-20241231,43346000000.0,감가상각비,ifrs-full_DepreciationExpense,False,D834300
72,003230,삼양식품,00126955,CFS,2025,html_fallback,20250101-20251231,63749377000.0,감가상각비와 무형자산상각비,,True,html:33. 비용의 성격별 분류 (연결)
72,003230,삼양식품,00126955,CFS,2025,html_fallback,20240101-20241231,46025094000.0,감가상각비와 무형자산상각비,,True,html:33. 비용의 성격별 분류 (연결)
73,161390,한국타이어앤테크놀로지,00937324,CFS,2025,html_fallback,20250101-20251231,1069176651000.0,감가상각비,,False,html:35. 비용의 성격별 분류 (연결)
73,161390,한국타이어앤테크놀로지,00937324,CFS,2025,html_fallback,20240101-20241231,496555867000.0,감가상각비,,False,html:35. 비용의 성격별 분류 (연결)
75,443060,HD현대마린솔루션,01194689,CFS,2025,html_fallback,20250101-20251231,12673960000.0,감가상각비,,False,html:29. 성격별 비용 (연결)
75,443060,HD현대마린솔루션,01194689,CFS,2025,html_fallback,20240101-20241231,11826117000.0,감가상각비,,False,html:29. 성격별 비용 (연결)
76,180640,한진칼,00983040,CFS,2025,html_fallback,20250101-20251231,18988130000.0,감가상각비 및 무형자산상각비,,True,html:33. 비용의 성격별 분류 (연결)
76,180640,한진칼,00983040,CFS,2025,html_fallback,20250101-20251231,2084818000.0,감가상각비 및 무형자산상각비,,True,html:33. 비용의 성격별 분류 (연결)
76,180640,한진칼,00983040,CFS,2025,html_fallback,20240101-20241231,21278132000.0,감가상각비 및 무형자산상각비,,True,html:33. 비용의 성격별 분류 (연결)
76,180640,한진칼,00983040,CFS,2025,html_fallback,20240101-20241231,2229733000.0,감가상각비 및 무형자산상각비,,True,html:33. 비용의 성격별 분류 (연결)
77,047050,포스코인터내셔널,00124504,CFS,2025,html_fallback,20250101-20251231,298136000000.0,감가상각비,,False,html:24. 비용의 성격별 분류 (연결)
77,047050,포스코인터내셔널,00124504,CFS,2025,html_fallback,20240101-20241231,279108000000.0,감가상각비,,False,html:24. 비용의 성격별 분류 (연결)
79,078930,GS,00500254,CFS,2025,xbrl,20250101-20251231,751211000000.0,"감가상각비, 유형자산",ifrs-full_DepreciationPropertyPlantAndEquipment,False,D834305
79,078930,GS,00500254,CFS,2025,xbrl,20240101-20241231,711930000000.0,"감가상각비, 유형자산",ifrs-full_DepreciationPropertyPlantAndEquipment,False,D834305
79,078930,GS,00500254,CFS,2025,xbrl,20250101-20251231,487069000000.0,"감가상각비, 사용권자산",ifrs-full_DepreciationRightofuseAssets,False,D834305
79,078930,GS,00500254,CFS,2025,xbrl,20240101-20241231,461705000000.0,"감가상각비, 사용권자산",ifrs-full_DepreciationRightofuseAssets,False,D834305
79,078930,GS,00500254,CFS,2025,xbrl,20250101-20251231,28295000000.0,"감가상각비, 투자부동산",ifrs-full_DepreciationInvestmentProperty,False,D834305
79,078930,GS,00500254,CFS,2025,xbrl,20240101-20241231,34520000000.0,"감가상각비, 투자부동산",ifrs-full_DepreciationInvestmentProperty,False,D834305
80,090430,아모레퍼시픽,00583424,CFS,2025,html_fallback,20250101-20251231,268074000000.0,감가상각비 및 무형자산상각비(투자부동산 및 사용권자산상각비 포함),,True,html:27. 비용의 성격별 분류 (연결)
80,090430,아모레퍼시픽,00583424,CFS,2025,html_fallback,20240101-20241231,257414000000.0,감가상각비 및 무형자산상각비(투자부동산 및 사용권자산상각비 포함),,True,html:27. 비용의 성격별 분류 (연결)
81,007660,이수페타시스,00107613,CFS,2025,html_fallback,20250101-20251231,29650283000.0,감가상각비와 상각비,,False,html:33. 비용의 성격별 분류 (연결)
81,007660,이수페타시스,00107613,CFS,2025,html_fallback,20240101-20241231,24333194000.0,감가상각비와 상각비,,False,html:33. 비용의 성격별 분류 (연결)
82,000880,한화,00160588,CFS,2025,xbrl,20250101-20251231,1447588000000.0,유형자산감가상각비,ifrs-full_DepreciationPropertyPlantAndEquipment,False,D834300
82,000880,한화,00160588,CFS,2025,xbrl,20240101-20241231,1113331000000.0,유형자산감가상각비,ifrs-full_DepreciationPropertyPlantAndEquipment,False,D834300
83,064400,LG씨엔에스,00139834,CFS,2025,xbrl,20250101-20251231,133908815000.0,감가상각비와 무형자산상각비,ifrs-full_DepreciationAndAmortisationExpense,True,D834300
83,064400,LG씨엔에스,00139834,CFS,2025,xbrl,20240101-20241231,103899337000.0,감가상각비와 무형자산상각비,ifrs-full_DepreciationAndAmortisationExpense,True,D834300
84,047040,대우건설,00124540,CFS,2025,xbrl,20250101-20251231,54278000000.0,감가상각비 등,ifrs-full_DepreciationAndAmortisationExpense,False,D834300
84,047040,대우건설,00124540,CFS,2025,xbrl,20240101-20241231,52284000000.0,감가상각비 등,ifrs-full_DepreciationAndAmortisationExpense,False,D834300
82,000880,한화,00160588,CFS,2025,xbrl,20250101-20251231,1447588000000.0,유형자산감가상각비,ifrs-full_DepreciationPropertyPlantAndEquipment,False,D834300
82,000880,한화,00160588,CFS,2025,xbrl,20240101-20241231,1113331000000.0,유형자산감가상각비,ifrs-full_DepreciationPropertyPlantAndEquipment,False,D834300
83,064400,LG씨엔에스,00139834,CFS,2025,xbrl,20250101-20251231,133908815000.0,감가상각비와 무형자산상각비,ifrs-full_DepreciationAndAmortisationExpense,True,D834300
83,064400,LG씨엔에스,00139834,CFS,2025,xbrl,20240101-20241231,103899337000.0,감가상각비와 무형자산상각비,ifrs-full_DepreciationAndAmortisationExpense,True,D834300
85,021240,코웨이,00170558,CFS,2025,html_fallback,20250101-20251231,404910780000.0,감가상각비,,False,html:32. 비용의 성격별 분류 (연결)
85,021240,코웨이,00170558,CFS,2025,html_fallback,20240101-20241231,400796816000.0,감가상각비,,False,html:32. 비용의 성격별 분류 (연결)
86,326030,SK바이오팜,00878696,CFS,2025,html_fallback,20250101-20251231,12926135000.0,감가상각비,,False,html:19. 비용의 성격별 분류 (연결)
86,326030,SK바이오팜,00878696,CFS,2025,html_fallback,20240101-20241231,11296820000.0,감가상각비,,False,html:19. 비용의 성격별 분류 (연결)
84,047040,대우건설,00124540,CFS,2025,xbrl,20250101-20251231,54278000000.0,감가상각비 등,ifrs-full_DepreciationAndAmortisationExpense,False,D834300
84,047040,대우건설,00124540,CFS,2025,xbrl,20240101-20241231,52284000000.0,감가상각비 등,ifrs-full_DepreciationAndAmortisationExpense,False,D834300
87,004170,신세계,00136378,CFS,2025,xbrl,20250101-20251231,439799000000.0,감가상각비,ifrs-full_DepreciationExpense,False,D834300
87,004170,신세계,00136378,CFS,2025,xbrl,20240101-20241231,426057000000.0,감가상각비,ifrs-full_DepreciationExpense,False,D834300
85,021240,코웨이,00170558,CFS,2025,html_fallback,20250101-20251231,404910780000.0,감가상각비,,False,html:32. 비용의 성격별 분류 (연결)
85,021240,코웨이,00170558,CFS,2025,html_fallback,20240101-20241231,400796816000.0,감가상각비,,False,html:32. 비용의 성격별 분류 (연결)
88,032640,LG유플러스,00231363,CFS,2025,xbrl,20250101-20251231,2697048000000.0,감가상각비와무형자산상각비,ifrs-full_DepreciationAndAmortisationExpense,True,D320000
88,032640,LG유플러스,00231363,CFS,2025,xbrl,20240101-20241231,2663765000000.0,감가상각비와무형자산상각비,ifrs-full_DepreciationAndAmortisationExpense,True,D320000
88,032640,LG유플러스,00231363,CFS,2025,xbrl,20230101-20231231,2571236000000.0,감가상각비와무형자산상각비,ifrs-full_DepreciationAndAmortisationExpense,True,D320000
86,326030,SK바이오팜,00878696,CFS,2025,html_fallback,20250101-20251231,12926135000.0,감가상각비,,False,html:19. 비용의 성격별 분류 (연결)
86,326030,SK바이오팜,00878696,CFS,2025,html_fallback,20240101-20241231,11296820000.0,감가상각비,,False,html:19. 비용의 성격별 분류 (연결)
89,241560,두산밥캣,01032486,CFS,2025,html_fallback,20250101-20251231,218862000.0,감가상각비 및 무형자산상각비,,True,html:27. 비용의 성격별 분류 (연결)
89,241560,두산밥캣,01032486,CFS,2025,html_fallback,20240101-20241231,199799000.0,감가상각비 및 무형자산상각비,,True,html:27. 비용의 성격별 분류 (연결)
90,267270,HD건설기계,01205842,CFS,2025,xbrl,20250101-20251231,46591000000.0,"감가상각비, 유형자산",ifrs-full_DepreciationPropertyPlantAndEquipment,False,D834300
90,267270,HD건설기계,01205842,CFS,2025,xbrl,20240101-20241231,43622000000.0,"감가상각비, 유형자산",ifrs-full_DepreciationPropertyPlantAndEquipment,False,D834300
90,267270,HD건설기계,01205842,CFS,2025,xbrl,20250101-20251231,12265000000.0,"감가상각비, 사용권자산",ifrs-full_DepreciationRightofuseAssets,False,D834300
90,267270,HD건설기계,01205842,CFS,2025,xbrl,20240101-20241231,12741000000.0,"감가상각비, 사용권자산",ifrs-full_DepreciationRightofuseAssets,False,D834300
90,267270,HD건설기계,01205842,CFS,2025,xbrl,20250101-20251231,84000000.0,"감가상각비, 투자부동산",ifrs-full_DepreciationInvestmentProperty,False,D834300
90,267270,HD건설기계,01205842,CFS,2025,xbrl,20240101-20241231,80000000.0,"감가상각비, 투자부동산",ifrs-full_DepreciationInvestmentProperty,False,D834300
87,004170,신세계,00136378,CFS,2025,xbrl,20250101-20251231,439799000000.0,감가상각비,ifrs-full_DepreciationExpense,False,D834300
87,004170,신세계,00136378,CFS,2025,xbrl,20240101-20241231,426057000000.0,감가상각비,ifrs-full_DepreciationExpense,False,D834300
88,032640,LG유플러스,00231363,CFS,2025,xbrl,20250101-20251231,2697048000000.0,감가상각비와무형자산상각비,ifrs-full_DepreciationAndAmortisationExpense,True,D320000
88,032640,LG유플러스,00231363,CFS,2025,xbrl,20240101-20241231,2663765000000.0,감가상각비와무형자산상각비,ifrs-full_DepreciationAndAmortisationExpense,True,D320000
88,032640,LG유플러스,00231363,CFS,2025,xbrl,20230101-20231231,2571236000000.0,감가상각비와무형자산상각비,ifrs-full_DepreciationAndAmortisationExpense,True,D320000
91,001440,대한전선,00113207,CFS,2025,html_fallback,20250101-20251231,38134606000.0,감가상각비와 상각비,,False,html:32. 비용의 성격별 분류 (연결)
91,001440,대한전선,00113207,CFS,2025,html_fallback,20240101-20241231,29239627000.0,감가상각비와 상각비,,False,html:32. 비용의 성격별 분류 (연결)
89,241560,두산밥캣,01032486,CFS,2025,html_fallback,20250101-20251231,218862000.0,감가상각비 및 무형자산상각비,,True,html:27. 비용의 성격별 분류 (연결)
89,241560,두산밥캣,01032486,CFS,2025,html_fallback,20240101-20241231,199799000.0,감가상각비 및 무형자산상각비,,True,html:27. 비용의 성격별 분류 (연결)
92,062040,산일전기,00366438,CFS,2025,xbrl,20250101-20251231,196008000.0,"감가상각비, 사용권자산",ifrs-full_DepreciationRightofuseAssets,False,D834300
92,062040,산일전기,00366438,CFS,2025,xbrl,20240101-20241231,504150000.0,"감가상각비, 사용권자산",ifrs-full_DepreciationRightofuseAssets,False,D834300
93,353200,대덕전자,01478712,CFS,2025,html_fallback,20250101-20251231,100507520261.0,감가상각비와 상각비,,False,html:24-1. 비용의 성격별 분류 (연결)
93,353200,대덕전자,01478712,CFS,2025,html_fallback,20240101-20241231,117436356129.0,감가상각비와 상각비,,False,html:24-1. 비용의 성격별 분류 (연결)
90,267270,HD건설기계,01205842,CFS,2025,xbrl,20250101-20251231,46591000000.0,"감가상각비, 유형자산",ifrs-full_DepreciationPropertyPlantAndEquipment,False,D834300
90,267270,HD건설기계,01205842,CFS,2025,xbrl,20240101-20241231,43622000000.0,"감가상각비, 유형자산",ifrs-full_DepreciationPropertyPlantAndEquipment,False,D834300
90,267270,HD건설기계,01205842,CFS,2025,xbrl,20250101-20251231,12265000000.0,"감가상각비, 사용권자산",ifrs-full_DepreciationRightofuseAssets,False,D834300
90,267270,HD건설기계,01205842,CFS,2025,xbrl,20240101-20241231,12741000000.0,"감가상각비, 사용권자산",ifrs-full_DepreciationRightofuseAssets,False,D834300
90,267270,HD건설기계,01205842,CFS,2025,xbrl,20250101-20251231,84000000.0,"감가상각비, 투자부동산",ifrs-full_DepreciationInvestmentProperty,False,D834300
90,267270,HD건설기계,01205842,CFS,2025,xbrl,20240101-20241231,80000000.0,"감가상각비, 투자부동산",ifrs-full_DepreciationInvestmentProperty,False,D834300
91,001440,대한전선,00113207,CFS,2025,html_fallback,20250101-20251231,38134606000.0,감가상각비와 상각비,,False,html:32. 비용의 성격별 분류 (연결)
91,001440,대한전선,00113207,CFS,2025,html_fallback,20240101-20241231,29239627000.0,감가상각비와 상각비,,False,html:32. 비용의 성격별 분류 (연결)
92,062040,산일전기,00366438,CFS,2025,xbrl,20250101-20251231,196008000.0,"감가상각비, 사용권자산",ifrs-full_DepreciationRightofuseAssets,False,D834300
92,062040,산일전기,00366438,CFS,2025,xbrl,20240101-20241231,504150000.0,"감가상각비, 사용권자산",ifrs-full_DepreciationRightofuseAssets,False,D834300
93,353200,대덕전자,01478712,CFS,2025,html_fallback,20250101-20251231,100507520261.0,감가상각비와 상각비,,False,html:24-1. 비용의 성격별 분류 (연결)
93,353200,대덕전자,01478712,CFS,2025,html_fallback,20240101-20241231,117436356129.0,감가상각비와 상각비,,False,html:24-1. 비용의 성격별 분류 (연결)
96,000100,유한양행,00145109,CFS,2025,html_fallback,20250101-20251231,69155603000.0,감가상각비와 무형자산상각비,,True,html:30. 비용의 성격별 분류 (연결)
96,000100,유한양행,00145109,CFS,2025,html_fallback,20240101-20241231,63041231000.0,감가상각비와 무형자산상각비,,True,html:30. 비용의 성격별 분류 (연결)
97,271560,오리온,01238169,CFS,2025,xbrl,20250101-20251231,149752924000.0,유형자산과 투자부동산 감가상각비와 무형자산 상각비,entity01238169_DepreciationOfPropertyPlantAndEquipmentAndIntangibleAssetsAndAmortisationExpenseOfExpenseByNatureLineItemsOfExpenseByNatureTableOfItems,True,D834300
97,271560,오리온,01238169,CFS,2025,xbrl,20240101-20241231,147858309000.0,유형자산과 투자부동산 감가상각비와 무형자산 상각비,entity01238169_DepreciationOfPropertyPlantAndEquipmentAndIntangibleAssetsAndAmortisationExpenseOfExpenseByNatureLineItemsOfExpenseByNatureTableOfItems,True,D834300
97,271560,오리온,01238169,CFS,2025,xbrl,20250101-20251231,14862970000.0,"감가상각비, 사용권자산",ifrs-full_DepreciationRightofuseAssets,False,D834300
97,271560,오리온,01238169,CFS,2025,xbrl,20240101-20241231,12593089000.0,"감가상각비, 사용권자산",ifrs-full_DepreciationRightofuseAssets,False,D834300
98,128940,한미약품,00828497,CFS,2025,xbrl,20250101-20251231,98808985000.0,감가상각비와 상각비,ifrs-full_DepreciationAndAmortisationExpense,False,D834300
98,128940,한미약품,00828497,CFS,2025,xbrl,20240101-20241231,97331100000.0,감가상각비와 상각비,ifrs-full_DepreciationAndAmortisationExpense,False,D834300
96,000100,유한양행,00145109,CFS,2025,html_fallback,20250101-20251231,69155603000.0,감가상각비와 무형자산상각비,,True,html:30. 비용의 성격별 분류 (연결)
96,000100,유한양행,00145109,CFS,2025,html_fallback,20240101-20241231,63041231000.0,감가상각비와 무형자산상각비,,True,html:30. 비용의 성격별 분류 (연결)
97,271560,오리온,01238169,CFS,2025,xbrl,20250101-20251231,149752924000.0,유형자산과 투자부동산 감가상각비와 무형자산 상각비,entity01238169_DepreciationOfPropertyPlantAndEquipmentAndIntangibleAssetsAndAmortisationExpenseOfExpenseByNatureLineItemsOfExpenseByNatureTableOfItems,True,D834300
97,271560,오리온,01238169,CFS,2025,xbrl,20240101-20241231,147858309000.0,유형자산과 투자부동산 감가상각비와 무형자산 상각비,entity01238169_DepreciationOfPropertyPlantAndEquipmentAndIntangibleAssetsAndAmortisationExpenseOfExpenseByNatureLineItemsOfExpenseByNatureTableOfItems,True,D834300
97,271560,오리온,01238169,CFS,2025,xbrl,20250101-20251231,14862970000.0,"감가상각비, 사용권자산",ifrs-full_DepreciationRightofuseAssets,False,D834300
97,271560,오리온,01238169,CFS,2025,xbrl,20240101-20241231,12593089000.0,"감가상각비, 사용권자산",ifrs-full_DepreciationRightofuseAssets,False,D834300
100,034220,LG디스플레이,00105873,CFS,2025,html_fallback,20250101-20251231,4354145000000.0,총 감가상각비 및 무형자산상각비,,True,html:19. 비용의 성격별 분류 (연결)
100,034220,LG디스플레이,00105873,CFS,2025,html_fallback,20240101-20241231,5125637000000.0,총 감가상각비 및 무형자산상각비,,True,html:19. 비용의 성격별 분류 (연결)
98,128940,한미약품,00828497,CFS,2025,xbrl,20250101-20251231,98808985000.0,감가상각비와 상각비,ifrs-full_DepreciationAndAmortisationExpense,False,D834300
98,128940,한미약품,00828497,CFS,2025,xbrl,20240101-20241231,97331100000.0,감가상각비와 상각비,ifrs-full_DepreciationAndAmortisationExpense,False,D834300
100,034220,LG디스플레이,00105873,CFS,2025,html_fallback,20250101-20251231,4354145000000.0,총 감가상각비 및 무형자산상각비,,True,html:19. 비용의 성격별 분류 (연결)
100,034220,LG디스플레이,00105873,CFS,2025,html_fallback,20240101-20241231,5125637000000.0,총 감가상각비 및 무형자산상각비,,True,html:19. 비용의 성격별 분류 (연결)
